voltage,current,temperature,load_state,power,minutes_left,timestamp
3.291074872093742,1.0193411993965995,22.88235287989042,heavy,3.332732256566923,143.32805158812513,2026-08-22 20:54:56.411610
3.3440693975768783,0.8404598081563982,23.86524398319985,heavy,2.8614715110345132,161.58287512101643,2026-08-22 20:55:56.411610
3.349499285532519,0.8116329087874388,25.96822757442805,idle,2.724813728099922,271.26410793552435,2026-08-22 20:56:56.411610
3.3916171807459916,1.0725950944257843,27.021599777850128,medium,3.644997191820795,132.17444454892842,2026-08-22 20:57:56.411610
3.332825522679265,1.121445080268497,27.77133037811087,heavy,3.7129164257319127,127.32724168656078,2026-08-22 20:58:56.411610
3.3822128648214798,1.3433301360277956,23.091647722883657,heavy,4.646790123710387,107.59374223060445,2026-08-22 20:59:56.411610
3.4557012704687855,1.1532808516883128,25.373647044519778,idle,4.050600279403724,186.747093313176,2026-08-22 21:00:56.411610
3.4071218059717303,0.9720192373049444,28.1393737071226,light,3.295122035551263,151.5331108746819,2026-08-22 21:01:56.411610
3.4438695359160354,1.1075067697726964,27.116203444190383,heavy,3.732198277758662,130.20445478857303,2026-08-22 21:02:56.411610
3.4651697555196295,0.6802396473843448,22.976129381880288,light,2.3127992262780976,210.5025770560589,2026-08-22 21:03:56.411610
3.490053616263778,1.3621841917192983,26.581471495832023,medium,4.814486621022619,109.71920872345089,2026-08-22 21:04:56.411610
3.5045369734501577,0.8463096663891065,27.494080561650165,heavy,3.0210972300532597,166.97700717426167,2026-08-22 21:05:56.411610
3.530868023050963,1.165934942686094,23.68936696424741,heavy,4.122056917790388,120.87559099209047,2026-08-22 21:06:56.411610
3.542465632570201,1.1448764860712835,24.25341171905514,heavy,4.021160400852553,120.5317368704243,2026-08-22 21:07:56.411610
3.5357714388111843,1.0349807542296707,24.126013665269003,heavy,3.697272019715519,147.8865051892014,2026-08-22 21:08:56.411610
3.5602312491351027,0.8813490620702821,24.495722447932547,heavy,3.08687067723606,160.14128811071527,2026-08-22 21:09:56.411610
3.57846348605417,0.6011600163205515,22.210519723725227,light,2.2388874378334456,236.6594891872613,2026-08-22 21:10:56.411610
3.601551421274801,0.9374993485106059,27.40556867958073,medium,3.3541008223045656,141.38198604904238,2026-08-22 21:11:56.411610
3.6072618424021954,0.9390882161095693,26.182087294288472,heavy,3.4047168371236896,154.32881426028464,2026-08-22 21:12:56.411610
3.634881474608781,0.9668956136645668,26.233612387405422,idle,3.4943748425141026,226.4633675311852,2026-08-22 21:13:56.411610
3.6338406622313224,0.7769042439166445,25.408386543024694,heavy,2.8356421170358397,187.9204840684791,2026-08-22 21:14:56.411610
3.6852905941489404,0.7878824942648918,26.571782065028977,idle,2.8749291683548885,273.70164287670707,2026-08-22 21:15:56.411610
3.683060252525091,0.6860201324403263,23.67006177089641,idle,2.544768681236146,312.20322661342766,2026-08-22 21:16:56.411610
3.713943478973391,0.5835787404397788,25.48755061601313,light,2.1095313747447992,254.3349708832115,2026-08-22 21:17:56.411610
3.727782167486906,0.6294107281455981,25.48713372961334,light,2.354276726642858,232.64994424204838,2026-08-22 21:18:56.411610
3.6854626814577873,0.9024456942061319,23.426200937727565,medium,3.3634919866139232,154.84020923219973,2026-08-22 21:19:56.411610
3.7270596907558615,0.7300072338261838,24.116137688288497,heavy,2.776574333838062,190.28406617154218,2026-08-22 21:20:56.411610
3.7739296225698484,1.084881843388672,28.092325654807144,heavy,4.060137310690945,122.22576041431391,2026-08-22 21:21:56.411610
3.8035987236252082,0.9472325455981294,24.40394698023756,medium,3.5600896362313126,143.92844046232756,2026-08-22 21:22:56.411610
3.81614802391101,0.8220676464813961,26.984857210804776,medium,3.2263782450916794,173.51416881713908,2026-08-22 21:23:56.411610
3.760382103518285,0.9379933997980213,26.363084478260845,heavy,3.5294609830313957,153.02771587132605,2026-08-22 21:24:56.411610
3.7913829010398454,0.9252950225321726,26.135807326779553,light,3.4611177554181216,158.33319138007585,2026-08-22 21:25:56.411610
3.863418266375554,0.6673816816204844,26.22040139210355,idle,2.642532189425896,324.5197832528847,2026-08-22 21:26:56.411610
3.8504918993465624,0.9245938393845909,28.764106230779646,medium,3.5995561215587726,150.47364673698462,2026-08-22 21:27:56.411610
3.8793251388568804,0.8640648531858246,27.22352980112182,heavy,3.3600206559875057,177.0228103106821,2026-08-22 21:28:56.411610
3.8627360771298433,0.9143035850778298,27.375433994168503,light,3.539189003609546,150.77612610623996,2026-08-22 21:29:56.411610
3.895058655518912,1.1550318647915645,26.663165025985457,medium,4.462131510970218,125.03852842904851,2026-08-22 21:30:56.411610
3.9421416710834016,0.5779616974318724,27.110933922647387,heavy,2.265065273921047,242.73950851484645,2026-08-22 21:31:56.411610
3.9097050795728503,0.7426664914533319,28.41238234001117,heavy,2.89446865968739,188.87814140332554,2026-08-22 21:32:56.411610
3.941392505152969,1.0806087861466953,26.76961321496071,light,4.247273256169146,129.88070343778622,2026-08-22 21:33:56.411610
3.949821048562082,0.8230624448014269,24.327320992219885,idle,3.323000620777579,257.9171898347812,2026-08-22 21:34:56.411610
3.9726736818858654,0.7423341281663758,28.205178428532072,idle,3.0246743486171637,291.78330939101585,2026-08-22 21:35:56.411610
3.9825645841739146,0.18075411753939624,29.287477072249235,heavy,0.7058995140618889,794.8761360617729,2026-08-22 21:36:56.411610
3.995911675814287,0.9674966377604918,26.936390523994888,light,3.7416804506345533,157.86235824479044,2026-08-22 21:37:56.411610
4.006797101985669,0.6430644252016223,29.83552466726666,medium,2.5532845265922584,229.18191126862286,2026-08-22 21:38:56.411610
4.008828809010052,0.4038461471363585,28.897489376100292,idle,1.6571907233650318,533.7839721125391,2026-08-22 21:39:56.411610
4.009671301838215,0.4130248567804892,24.995891604265324,light,1.5648553842421564,339.36305912922893,2026-08-22 21:40:56.411610
4.043570543989342,0.614675292556411,24.417019684665288,light,2.551697567139074,238.91634315406168,2026-08-22 21:41:56.411610
4.064976940628271,0.8034482453522946,25.76213560784627,light,3.2935167572105497,180.4200292819462,2026-08-22 21:42:56.411610
4.115864416294285,0.5810157894220965,25.292049255938817,idle,2.458968033990717,372.54847428800286,2026-08-22 21:43:56.411610
4.032607197286446,0.4964805177650457,25.881099544072384,medium,2.040248525187336,288.09919415798055,2026-08-22 21:44:56.411610
4.0701957673882845,0.38649348954820417,29.501076554599827,heavy,1.608831235813933,365.93878513850984,2026-08-22 21:45:56.411610
4.065774296788347,0.6999117638853201,25.80268739444592,idle,2.820568395588097,307.6914102868525,2026-08-22 21:46:56.411610
4.107018453040277,0.4925038617964514,26.16549144189977,heavy,1.957308406568322,296.9763433223501,2026-08-22 21:47:56.411610
4.100537899736085,0.47050038494292157,24.962431697628578,idle,1.8927582896264694,461.17899502248736,2026-08-22 21:48:56.411610
4.078055833563179,0.4287917461650836,26.35924878542453,light,1.7914595630256136,337.1527324585857,2026-08-22 21:49:56.411610
4.100236854639611,0.14971132091596961,24.87038058985316,medium,0.5618596831079474,965.2627296458793,2026-08-22 21:50:56.411610
4.147125949611083,0.6240724539378659,25.29942494888429,light,2.589052176930792,234.7729942677182,2026-08-22 21:51:56.411610
4.153073431588751,0.3315983451151796,23.888872799164815,heavy,1.3488316338133666,434.2589374573052,2026-08-22 21:52:56.411610
4.135013850356541,0.030930854585029643,27.529673970280808,light,0.10759871179705777,4654.858716826903,2026-08-22 21:53:56.411610
4.128241520310734,0.44335276532158296,26.863790156720274,idle,1.869380119563016,493.43528596807204,2026-08-22 21:54:56.411610
4.127030689097946,0.6726140130237858,25.186205942689647,light,2.7667865256732305,211.42297545592876,2026-08-22 21:55:56.411610
4.121977445878822,0.08147806701267063,27.243096544970335,light,0.3284988214653886,1765.6591597406475,2026-08-22 21:56:56.411610
4.15639883188935,0.3048113611237416,28.701849822141675,idle,1.2502633626320971,702.2819602691469,2026-08-22 21:57:56.411610
4.172934163261745,0.15617701208211102,29.6379397666878,heavy,0.7849125481564904,933.6621026025346,2026-08-22 21:58:56.411610
4.144856499193703,0.22453629172265174,23.693264331226267,heavy,0.9218358491446991,640.7845569556448,2026-08-22 21:59:56.411610
4.163238371923887,0.17608014299315372,23.35852164800635,heavy,0.6870335619989751,815.953660420853,2026-08-22 22:00:56.411610
4.190525841074044,0.5398261617629302,27.453581698485838,medium,2.221333557452479,266.50718258690046,2026-08-22 22:01:56.411610
4.169187855811373,0.3520270476965431,31.618168116751367,medium,1.3796235340128828,405.8288246398254,2026-08-22 22:02:56.411610
4.15910307285885,0.2911102266312904,25.610324025688918,medium,1.0850027364422727,497.16632846938575,2026-08-22 22:03:56.411610
4.204385586934328,0.8900046068775116,27.02293466375626,idle,3.7874292025208125,240.0936815652765,2026-08-22 22:04:56.411610
4.201951668054612,0.25210568370812403,27.262962308435185,idle,1.0738382444260806,850.732846407131,2026-08-22 22:05:56.411610
4.149445964659425,0.5497830649546049,28.8393868922407,heavy,2.289129358077104,265.68644130627405,2026-08-22 22:06:56.411610
4.205720655829762,0.32697059618227825,26.490145619153463,medium,1.4765102893753723,442.12603947492147,2026-08-22 22:07:56.411610
4.18410007417763,0.5667189547240417,26.513765576635056,heavy,2.3517914053611335,253.16945699888743,2026-08-22 22:08:56.411610
4.1873606982579625,0.20024365438209452,25.182993553208533,light,0.8671670909022573,718.8463154247148,2026-08-22 22:09:56.411610
4.2187484692221515,0.6751166590527211,25.282075908231523,heavy,2.7802593222306204,207.68368877984102,2026-08-22 22:10:56.411610
4.207771598157495,0.0884128134913352,28.7079525492856,light,0.36650400493983926,1632.771883430726,2026-08-22 22:11:56.411610
4.17891199556264,0.14670000132410776,27.619898759591003,heavy,0.553235489662461,982.3869679233161,2026-08-22 22:12:56.411610
4.183867104496719,0.621614073360002,27.570689130133438,heavy,2.5973264163061414,236.3839197430124,2026-08-22 22:13:56.411610
4.211091529378857,0.19245516967575288,24.840259323630807,idle,0.8191206925428638,1116.679292476637,2026-08-22 22:14:56.411610
4.173011109279266,0.39198269474094044,27.701777260099707,medium,1.6324794613227973,358.835799714729,2026-08-22 22:15:56.411610
4.2046618519049375,0.5988643299190085,29.66943264241904,heavy,2.4394480979310633,236.56369730978741,2026-08-22 22:16:56.411610
4.230654720098838,0.20393535010978492,28.805697887282207,heavy,0.8840731218756009,702.2620614479565,2026-08-22 22:17:56.411610
4.180698517577335,0.2122876176676578,28.29342275385379,medium,0.9161059377951846,675.2228200940318,2026-08-22 22:18:56.411610
4.208789439141078,0.20371719913869013,24.1508212381276,idle,0.7674497219269445,1054.0946421214887,2026-08-22 22:19:56.411610
4.167205333437335,0.4024416570848293,29.822034117243508,medium,1.6542642217343988,359.43567994711856,2026-08-22 22:20:56.411610
4.170952218849998,0.39372477867676225,25.86394174093685,heavy,1.5760668747959294,373.53860301265,2026-08-22 22:21:56.411610
4.162922215052987,0.5894210032065226,27.124565072553036,heavy,2.469659350177611,238.48197362948542,2026-08-22 22:22:56.411610
4.186071417293056,0.3369322104740728,28.84275310100257,medium,1.4236565579612261,425.81525112130566,2026-08-22 22:23:56.411610
4.138606914565581,0.0672792037221849,27.786433666331714,idle,0.26827251353354226,3212.0328063669567,2026-08-22 22:24:56.411610
4.189886226944691,0.07667356297837549,26.079804784394074,heavy,0.41164435263341276,1881.195677311181,2026-08-22 22:25:56.411610
4.132117655112837,0.44573476126826184,28.73942677166542,heavy,1.8323693200597837,312.5473157774638,2026-08-22 22:26:56.411610
4.159402518970113,0.24074762418697873,27.74998790850194,idle,1.0324727249333028,890.2133908032127,2026-08-22 22:27:56.411610
4.147925607619865,0.37118447549014844,27.249552400897592,light,1.51565524657327,388.8551571969294,2026-08-22 22:28:56.411610
4.1769423140136,0.09446489129729169,31.097870368250287,light,0.42892492310039,1521.4045845273415,2026-08-22 22:29:56.411610
4.1516745489564295,0.11689516797230792,26.86732580173834,idle,0.5299556626642231,1847.24849987358,2026-08-22 22:30:56.411610
4.158753565979664,0.20285715446963548,27.033353309285218,medium,0.9242499894358409,706.1289451434197,2026-08-22 22:31:56.411610
4.12175713594115,0.4257247283101332,25.431417167106424,heavy,1.706940657030387,345.57055541565046,2026-08-22 22:32:56.411610
4.129096617430304,0.41026520033196934,27.343354178778377,light,1.6619738170842224,353.48073627546944,2026-08-22 22:33:56.411610
4.074329404679658,0.23013068695400316,30.327119439752945,heavy,1.0299930708677607,623.5265434581963,2026-08-22 22:34:56.411610
4.124612943258177,0.16782592681698472,28.101044522378892,idle,0.6151888891713169,1290.7466800741474,2026-08-22 22:35:56.411610
4.079462671058314,0.2809286284707206,29.460735099529927,light,1.201404113485167,513.5746922489533,2026-08-22 22:36:56.411610
4.1101230241292095,0.3645669897769512,27.512620000133527,light,1.477597299143181,392.18021399388186,2026-08-22 22:37:56.411610
4.102695622407406,0.1700915623967678,27.412414255244574,heavy,0.6842060613399086,838.6579672520235,2026-08-22 22:38:56.411610
4.057442038398102,0.2538572492634892,27.684919142956556,heavy,1.0251955858502315,564.9419651393523,2026-08-22 22:39:56.411610
4.044130253786828,0.07524087924463516,28.507802215548942,idle,0.2771301761696379,2867.360620481694,2026-08-22 22:40:56.411610
4.058345580852238,0.3509347812275666,24.92498052130815,light,1.3753483739874344,411.80899640112864,2026-08-22 22:41:56.411610
4.013246717134383,0.04520346202175701,28.4999955312177,idle,0.1588655786477985,4784.108526051552,2026-08-22 22:42:56.411610
4.040359418639247,0.03778767761421134,26.533260730571737,medium,0.09762686069649323,3812.835260988217,2026-08-22 22:43:56.411610
4.0477009235839265,0.19408380598602595,25.36009044903878,light,0.6874212165413186,741.7742765796733,2026-08-22 22:44:56.411610
3.987554228541722,0.009680431956974267,27.787718819781574,light,-0.026350183194410542,14397.411431388546,2026-08-22 22:45:56.411610
4.057775536331618,0.5379008355238517,27.607877480510197,light,2.2660987138329713,264.83144223889065,2026-08-22 22:46:56.411610
3.971768828930115,0.4669390978164262,28.481754680486848,medium,1.9393569323395696,299.0184430351067,2026-08-22 22:47:56.411610
4.004084590972292,0.6392161477018541,26.055298535454085,light,2.6571971310474685,212.59614015947025,2026-08-22 22:48:56.411610
3.978564086654986,0.2140309653765089,27.675189690384,light,0.8297192641431308,673.4829963614933,2026-08-22 22:49:56.411610
3.9574977513411236,0.30338481554310714,30.30254852412115,light,1.1848344513519469,474.1351592404268,2026-08-22 22:50:56.411610
3.9516930896181734,0.1756889464676273,26.984453458378113,idle,0.7330779560666523,1223.5844374982437,2026-08-22 22:51:56.411610
3.923103727060643,0.33508830467487655,29.126300872415925,heavy,1.3651779705682623,427.4940581503316,2026-08-22 22:52:56.411610
3.88514079323731,0.21331197614465292,26.34725722094056,idle,0.8151847286897119,1011.4158324487382,2026-08-22 22:53:56.411610
3.9312748164738096,0.32830012490321964,27.000240157580738,heavy,1.2827659148846975,450.0500205905754,2026-08-22 22:54:56.411610
3.9104537143428257,0.14252272258731935,24.33615312183501,idle,0.5019830720824779,1517.4801955599935,2026-08-22 22:55:56.411610
3.88323531764642,0.28578967819531287,27.80515622792474,light,1.1248478156234725,496.52549463543147,2026-08-22 22:56:56.411610
3.859042525941274,0.7915018598780064,24.87331059597135,light,3.0540928029231025,178.26879348059404,2026-08-22 22:57:56.411610
3.871815235938206,0.24643828435426346,28.680095952560418,heavy,0.9876436535948546,586.7031964196613,2026-08-22 22:58:56.411610
3.791955625501644,0.17882623176097845,25.471021190882308,light,0.6097867790059341,803.6303615370125,2026-08-22 22:59:56.411610
3.8378850895495744,0.5567691615169078,24.807926071186504,medium,2.1962895949631633,269.19194220441085,2026-08-22 23:00:56.411610
3.824691948942612,0.4952779292303659,26.393546927242298,medium,1.9374706262392465,292.6642076464271,2026-08-22 23:01:56.411610
3.805219690823442,0.4202470592482499,28.673653106115527,idle,1.6454490397584784,513.5788695110359,2026-08-22 23:02:56.411610
3.7787081335391464,0.1639103397591435,28.43174596239219,heavy,0.5809735318806695,871.6976516360626,2026-08-22 23:03:56.411610
3.7885152466948244,0.402468318344144,28.835719019089648,idle,1.4888876808374727,536.705649005592,2026-08-22 23:04:56.411610
3.705158246371511,0.7002214444578886,29.95056377656218,medium,2.5702268781084103,205.22731801181862,2026-08-22 23:05:56.411610
3.7387163021485095,0.5406084311430348,26.75558775022997,medium,2.0423187252929225,263.1625454358416,2026-08-22 23:06:56.411610
3.672353439256669,0.6344521003967438,29.453885198979222,idle,2.3906911892194627,347.7910103025768,2026-08-22 23:07:56.411610
3.6550982088542217,0.8498059557564357,25.44173065215408,heavy,3.078823268036258,163.19818231010504,2026-08-22 23:08:56.411610
3.6844737829085297,0.8007973281155428,29.209148383515753,idle,2.837060257770253,269.1173722999841,2026-08-22 23:09:56.411610
3.690238364773827,0.8433061803562909,26.492606771977705,idle,3.1408873296029443,254.2178377669211,2026-08-22 23:10:56.411610
3.657177530992099,0.7382131678854792,27.191638292561528,heavy,2.7147280681248374,193.43753373509492,2026-08-22 23:11:56.411610
3.6139269184633545,0.6422581846344082,28.426793953135423,idle,2.35336050037439,330.1691145701833,2026-08-22 23:12:56.411610
3.611884198685658,0.39019712035004905,28.288649645382193,idle,1.3773613212851643,556.1742696360393,2026-08-22 23:13:56.411610
3.595654896722676,0.38545834472129037,28.280362187189628,medium,1.4637088155268148,376.6390854555855,2026-08-22 23:14:56.411610
3.5759670255809985,0.7709545192271273,28.677315424062442,heavy,2.7965329220603055,186.5067957303285,2026-08-22 23:15:56.411610
3.5756610148340915,0.4468804389711466,28.978531647895405,light,1.680412270064096,314.796810780153,2026-08-22 23:16:56.411610
3.5707054211693228,0.5403008468713942,29.770669581999048,medium,1.9060542603551631,274.90314089283584,2026-08-22 23:17:56.411610
3.524632162300502,0.9090319478217725,26.859971651968113,light,3.2359401467981077,168.84235282791275,2026-08-22 23:18:56.411610
3.509135184121085,0.5848265478466969,29.04601583419893,idle,2.020460900307523,364.49062424239054,2026-08-22 23:19:56.411610
3.469872149770734,0.8769066953254736,30.266092616767747,idle,3.0265444704022473,241.61587160287564,2026-08-22 23:20:56.411610
3.5012655086930056,0.4786448454924235,27.56733632400869,idle,1.726626239076159,457.1420365655196,2026-08-22 23:21:56.411610
3.443578529330339,0.6459836843827556,28.002715831739202,heavy,2.2324667234855378,221.49250101655505,2026-08-22 23:22:56.411610
3.439097265128238,0.6206219523015708,27.34313865598434,light,2.162201399968254,237.94742395335746,2026-08-22 23:23:56.411610
3.4629125304094437,0.42893996571499243,29.063610217978564,heavy,1.452476811617304,330.71561509128213,2026-08-22 23:24:56.411610
3.438224060333776,0.6008591329989109,29.56094077292819,heavy,2.0412130959637484,243.15897904790043,2026-08-22 23:25:56.411610
3.3887922953227703,0.5445114602782313,29.766883808135653,idle,1.8618227224677577,397.09259354681484,2026-08-22 23:26:56.411610
3.3575088966588487,0.783828783797246,30.05605078371421,heavy,2.6978745172875165,176.56080178131273,2026-08-22 23:27:56.411610
3.372448703110133,0.7318907991380813,26.94644735849353,medium,2.372276712915953,201.14438008246069,2026-08-22 23:28:56.411610
3.377746842403411,0.7629427409877285,28.86685363612526,idle,2.5270808943394627,281.2935836756747,2026-08-22 23:29:56.411610
3.297257855599344,0.485822726714643,27.5079276807849,idle,1.5560304515524106,441.2702832099338,2026-08-22 23:30:56.411610
3.2753769086986404,0.8374239977801672,31.8951537482669,medium,2.7759730813671775,173.0372828834776,2026-08-22 23:31:56.411610
3.2408550286322466,0.37529285054713446,28.22838434522749,heavy,1.2903312551935542,386.17889124804776,2026-08-22 23:32:56.411610
3.2702910079808705,0.5639916054039922,28.114084691030076,medium,1.8657149874046652,256.15999087629547,2026-08-22 23:33:56.411610
3.2411386770837587,1.1256356514521664,27.347985173043693,light,3.630395655259415,127.9314349235574,2026-08-22 23:34:56.411610
3.232464598239644,0.8735222530536019,30.45553351461009,light,2.7528376867550546,162.300667686913,2026-08-22 23:35:56.411610
3.229283332787798,0.9730552906179071,28.683479106849973,idle,3.1571099851448237,226.68065238098964,2026-08-22 23:36:56.411610
3.159627760679062,0.7975145390634527,27.903964826452764,medium,2.581759084552429,172.25766567105225,2026-08-22 23:37:56.411610
3.1408247705099934,1.1448293223533925,24.861205740811897,idle,3.5250103736888465,203.14796234058383,2026-08-22 23:38:56.411610
3.1637832579210214,0.8089790097540784,29.270077504931127,idle,2.5701456988282247,264.4320943288831,2026-08-22 23:39:56.411610
3.1078797789699406,0.7664180678596769,30.16355176970143,heavy,2.3897950582908427,187.84892807387243,2026-08-22 23:40:56.411610
3.1284746597284454,0.8599307154695583,29.399804047307708,heavy,2.699874460465556,167.80231790112208,2026-08-22 23:41:56.411610
3.1015009796124176,0.9238363653646503,28.23849683808945,medium,2.9063207015629424,159.58897513724847,2026-08-22 23:42:56.411610
3.1066197869073418,1.027789676243498,28.92304824427022,light,3.235276644570416,141.06828366285436,2026-08-22 23:43:56.411610
3.1045822225475526,0.6545562412350989,28.05607935622662,idle,2.035851873924098,323.81801000688756,2026-08-22 23:44:56.411610
3.0604654613002,1.1523414168071286,28.110757080946726,light,3.524371288545792,116.14339432060393,2026-08-22 23:45:56.411610
3.0934065973067972,0.9516334677524608,28.645524699150826,light,2.937676970587097,152.89415765280796,2026-08-22 23:46:56.411610
3.004636168546544,0.9378331024700424,26.36578513174958,light,2.8522655190604778,152.35663186173537,2026-08-22 23:47:56.411610
3.0,0.9848743932993806,28.858433950843366,light,2.8806910149617733,137.03239676133492,2026-08-22 23:48:56.411610
3.0017445295117238,1.109549698460274,28.54499922850024,medium,3.2403549867928483,127.32795916354489,2026-08-22 23:49:56.411610
3.0,1.0056678900995548,26.901437573707586,medium,3.054054932545232,148.59247733345208,2026-08-22 23:50:56.411610
3.0,1.03957615208029,27.734193921225142,heavy,3.1621904509711434,133.18557147184498,2026-08-22 23:51:56.411610
3.0,0.9125031475954716,28.287765603045237,light,2.777066772086653,151.99171655047576,2026-08-22 23:52:56.411610
3.0,0.830964292873248,28.25133036172419,heavy,2.523415418601731,173.62601848488586,2026-08-22 23:53:56.411610
3.0,1.1623686345339768,28.649613976604005,light,3.542211415206769,132.8811403243005,2026-08-22 23:54:56.411610
3.0,0.8641756689956896,28.653375348269936,heavy,2.578307517647062,167.52322115974246,2026-08-22 23:55:56.411610
3.0,0.8352556710535115,28.60514917953831,idle,2.561814558773595,259.56735859085626,2026-08-22 23:56:56.411610
3.0,0.9878257868739042,27.4927031927275,medium,3.0213730137170076,153.9013883379739,2026-08-22 23:57:56.411610
3.0,0.9902831188023152,31.57881637586105,idle,2.9743437464546783,215.12148306292548,2026-08-22 23:58:56.411610
3.0,0.8504518972980357,28.172190305184213,idle,2.5178380223354973,260.3212076099858,2026-08-22 23:59:56.411610
3.0,0.9103629134897119,29.964415741215547,light,2.6918896201786158,152.45938108716422,2026-08-23 00:00:56.411610
3.0,1.0756082855619606,28.143332374875204,medium,3.179731314791197,145.96214524053653,2026-08-23 00:01:56.411610
3.0,0.9744206177955259,26.46124096554523,medium,2.9037831534508745,148.10081392559056,2026-08-23 00:02:56.411610
3.0,1.4804183994793068,29.401369314873847,idle,4.4822356111045165,142.67930751797812,2026-08-23 00:03:56.411610
3.0,1.0400047896078475,28.16762616054364,light,3.1442670134255293,135.92238735331017,2026-08-23 00:04:56.411610
3.0,1.1446338783299703,26.8284926737312,heavy,3.534483331877903,125.86018037964239,2026-08-23 00:05:56.411610
3.0,0.9565894414632591,28.835609437869223,idle,2.8378220934923655,227.60254846972234,2026-08-23 00:06:56.411610
3.0,0.9003590082053863,31.562373566816348,medium,2.729677678775076,166.2348299505044,2026-08-23 00:07:56.411610
3.0,0.6387582075937763,29.81260508354548,light,1.9740591239758425,222.70416421830492,2026-08-23 00:08:56.411610
3.0,1.0033289083617756,29.32040163729076,light,2.9626703394281257,149.61323239518052,2026-08-23 00:09:56.411610
3.0,1.137964167992954,29.012578784584978,heavy,3.521736815025716,126.53493175549363,2026-08-23 00:10:56.411610
3.0,0.7011450787476261,28.3329946602983,medium,2.1188040921746296,207.03814695104327,2026-08-23 00:11:56.411610
3.0,0.9299429908498975,27.652722184011704,heavy,2.7559080115109054,159.4102994939764,2026-08-23 00:12:56.411610
3.0,0.7690570282193454,28.53811374667349,medium,2.2969578253138216,188.69996400418412,2026-08-23 00:13:56.411610
3.0,0.44182296555569334,32.766351039323176,idle,1.3224387026567426,485.35058398697385,2026-08-23 00:14:56.411610
3.0,0.7994900615016018,28.93888816208777,light,2.4559453518608785,172.32166460237505,2026-08-23 00:15:56.411610
3.0,1.1135167092074565,26.448403207448273,heavy,3.28065818214747,125.95121141867617,2026-08-23 00:16:56.411610
3.0,0.7343182618168789,28.736722465740538,medium,2.122951960991598,192.86550880090675,2026-08-23 00:17:56.411610
3.0,1.0735834117540166,26.860543946879194,heavy,3.1575841690210615,132.62858270131701,2026-08-23 00:18:56.411610
3.0,1.0983138150054494,29.377665045476604,heavy,3.2592703470561117,134.28924140807658,2026-08-23 00:19:56.411610
3.0,1.1765431917839517,31.113633276901535,medium,3.521842447957726,118.52076764687317,2026-08-23 00:20:56.411610
3.0,0.5005899695645869,26.96591322032824,light,1.6096547803771346,286.0359388535776,2026-08-23 00:21:56.411610
3.0,0.8843894864513898,30.606008490446676,heavy,2.6574959635458724,158.87069498525773,2026-08-23 00:22:56.411610
3.0,0.7713254614521649,29.46666581102851,medium,2.3265436325816045,195.0354515594694,2026-08-23 00:23:56.411610
3.0,0.9740396519914787,27.365225784897262,heavy,2.89673904527002,141.90295686651993,2026-08-23 00:24:56.411610
3.0,1.057231316071646,30.04538339805456,light,3.262435674365798,135.56690718055174,2026-08-23 00:25:56.411610
3.0,0.9694091143238797,29.66706905548244,heavy,2.914604939166429,155.8749449427748,2026-08-23 00:26:56.411610
3.0,0.8190089269287572,31.419338768291407,medium,2.4767622733685926,180.54367110685092,2026-08-23 00:27:56.411610
3.0,0.5263703047966162,29.903695683730543,heavy,1.6176212177423526,285.5300472787604,2026-08-23 00:28:56.411610
3.0,0.9013636590355972,29.936013330238797,light,2.6680477772640687,157.9636475508435,2026-08-23 00:29:56.411610
3.0,0.835478863332771,30.787873488614864,heavy,2.5838995387914787,172.6304219018112,2026-08-23 00:30:56.411610
3.0,0.8992867842106986,28.25273541662441,light,2.715241502284074,147.00275630804143,2026-08-23 00:31:56.411610
3.0,0.8587424025756595,29.690971879233288,idle,2.6119442871495346,258.25002912193844,2026-08-23 00:32:56.411610
3.0,0.5701136460670612,28.739294998266633,light,1.7291858986949586,256.51307555478564,2026-08-23 00:33:56.411610
3.0,0.949892546052147,30.158619645011516,idle,2.83990362364634,219.85779322625666,2026-08-23 00:34:56.411610
3.0,0.6992036951814823,29.252003849970926,heavy,2.081010354536019,202.69993882460057,2026-08-23 00:35:56.411610
3.0,0.5493678636592348,31.610227242710693,light,1.6890980931288042,261.426116761924,2026-08-23 00:36:56.411610
3.0,1.0719550381635619,27.69376918715937,light,3.23958643744519,136.82285663234316,2026-08-23 00:37:56.411610
3.0,0.9466222235216468,31.188231840663647,heavy,2.75433240561732,164.16986627150948,2026-08-23 00:38:56.411610
3.0,0.616886919728474,28.5540483458255,medium,1.8629115321528347,231.62429813957135,2026-08-23 00:39:56.411610
3.0,0.5531289849523163,31.741054865036403,light,1.7138089170389836,255.12600293542073,2026-08-23 00:40:56.411610
3.0,0.47021608244182,29.56250149525821,medium,1.5225371741947782,309.22393641310083,2026-08-23 00:41:56.411610
3.0,0.7587105876512594,29.84662345362885,idle,2.277454043776053,279.3418250599859,2026-08-23 00:42:56.411610
3.0,0.3738809518662993,30.606889231836966,idle,1.1354437662590837,561.8296394900998,2026-08-23 00:43:56.411610
3.0,0.8706422087972745,28.396811579308228,medium,2.570978043946479,160.41664518809932,2026-08-23 00:44:56.411610
3.0,0.5689758641869387,31.402282091260407,medium,1.7937635470691056,256.3353048982375,2026-08-23 00:45:56.411610
3.0,0.22402601080080875,30.999205031322735,heavy,0.6719347856523412,642.4037259250711,2026-08-23 00:46:56.411610
3.0,0.6944746026246521,32.049997780782746,idle,2.0045111853079907,310.7147635143502,2026-08-23 00:47:56.411610
3.0,0.37161918079748846,28.672507736516707,light,1.0793264034872683,387.36138477631494,2026-08-23 00:48:56.411610
3.0,0.579276050539435,27.52055622074288,light,1.7522377395076922,260.6345832097559,2026-08-23 00:49:56.411610
3.0,0.670825075764567,29.793008394021076,medium,2.055560075739672,208.9373920543643,2026-08-23 00:50:56.411610
3.0,0.6800496219261534,29.42441435607857,medium,2.0714494864336763,208.8401328389623,2026-08-23 00:51:56.411610
3.0,0.8353778738474158,30.927418493857395,light,2.5854748902687237,165.23611478234739,2026-08-23 00:52:56.411610
3.0,0.47600170767278954,30.027214853083432,medium,1.4465666997963225,298.42417726491715,2026-08-23 00:53:56.411610
3.0,0.2490819788321364,28.863477976390925,medium,0.8635606143340882,571.9269908133102,2026-08-23 00:54:56.411610
3.0,0.23580249951407156,31.873762757521423,idle,0.7484460104369889,916.8449046526262,2026-08-23 00:55:56.411610
3.0,0.1979781620663154,32.26032679337835,medium,0.5275909150541183,721.3885196544088,2026-08-23 00:56:56.411610
3.0,0.42770552345883583,28.960071505500636,heavy,1.3161608009062549,329.0913800544492,2026-08-23 00:57:56.411610
3.0,0.0476847902279971,31.995365025136692,idle,0.19568962809570808,4521.661760747593,2026-08-23 00:58:56.411610
3.0,0.46707136806263533,27.446544821085553,idle,1.4191627363480697,460.48257185907516,2026-08-23 00:59:56.411610
3.0,0.3923556093959757,29.068824604200127,light,1.1623093609845958,372.79031247200913,2026-08-23 01:00:56.411610
3.0,0.5667484651568659,31.247210428849016,heavy,1.809597439823277,255.11222703281487,2026-08-23 01:01:56.411610
3.0,0.4726484232595877,31.54798583822134,medium,1.458165235859263,308.7045836028492,2026-08-23 01:02:56.411610
3.0,0.44836730419461013,27.847058823244183,light,1.3320360269809894,320.40020100105716,2026-08-23 01:03:56.411610
3.0,0.7871171361153121,29.89979800361539,heavy,2.2606434645727047,182.05382762472848,2026-08-23 01:04:56.411610
3.0,0.3504157722235422,28.990436147324136,medium,1.0184214586544285,408.9733626069737,2026-08-23 01:05:56.411610
3.0,0.24974180948325056,27.515511457948655,heavy,0.7702936135741503,590.7774259978753,2026-08-23 01:06:56.411610
3.0,0.12218511099138574,31.550153561878762,medium,0.27506325075850346,1177.6467424115797,2026-08-23 01:07:56.411610
3.0,0.510585320794605,28.989977757218423,heavy,1.5750137953888284,286.5830049830398,2026-08-23 01:08:56.411610
3.0,0.5439454159402222,30.01885875184351,light,1.7057291892772233,272.20556703763236,2026-08-23 01:09:56.411610
3.0,0.16880750959534344,29.242968557270473,heavy,0.4888110173974548,849.0164133540295,2026-08-23 01:10:56.411610
3.0,0.018815153183733946,27.78033422340097,idle,0.009629519247282475,11488.032328490199,2026-08-23 01:11:56.411610
3.0,0.49211300486259446,29.480743911541165,light,1.5172647212322932,295.4452649038533,2026-08-23 01:12:56.411610
3.0,0.23948356478785093,31.485545233478312,medium,0.7516422541121281,593.4615969892513,2026-08-23 01:13:56.411610
3.0,0.698029698424531,31.480898231947332,medium,2.077663926558543,202.84220604459412,2026-08-23 01:14:56.411610
3.0,0.45902228100448145,27.228406616258845,medium,1.3904846363174652,309.396194430798,2026-08-23 01:15:56.411610
3.0,0.16408917031170914,30.20037352035409,light,0.4692639002146795,884.7637726854628,2026-08-23 01:16:56.411610
3.0,0.4716495677670631,29.23204833691303,medium,1.3678512958268965,310.2787162566745,2026-08-23 01:17:56.411610
3.0,0.1377274158599279,30.892927427828514,heavy,0.47089849057657196,1045.9623483914054,2026-08-23 01:18:56.411610
3.0,0.33693638657042074,28.932344035603126,heavy,1.079768589901214,425.7347841210154,2026-08-23 01:19:56.411610
3.0,0.1132536587271516,29.42876745836803,medium,0.37218929905278036,1267.8049962338766,2026-08-23 01:20:56.411610
3.0,0.38927838600498366,30.33423585416758,idle,1.2333033014756782,555.3223422999527,2026-08-23 01:21:56.411610
3.0,0.3652487351060468,30.43123634286922,heavy,1.0899509512032064,390.0852131113642,2026-08-23 01:22:56.411610
3.0,0.5400732428187078,31.284634687362573,medium,1.558779844100487,269.37615172256506,2026-08-23 01:23:56.411610
3.0,0.23935668181677638,30.814595078041222,idle,0.6766146597296337,897.4658353045579,2026-08-23 01:24:56.411610
3.0,0.1689098657713519,29.869978047470887,light,0.5433264178525989,846.5705529926997,2026-08-23 01:25:56.411610
3.0,0.31853321766772547,28.4797291992905,idle,0.9268805474462605,675.6904961895804,2026-08-23 01:26:56.411610
3.0,0.4778643941415908,27.64015817588762,idle,1.3927570613899847,447.8613171358157,2026-08-23 01:27:56.411610
3.0,0.14478004859409674,28.111927999384363,light,0.48531368821356835,1002.2026186766775,2026-08-23 01:28:56.411610
3.0,0.20352033840419517,30.664227817438444,medium,0.6665997936135117,695.4351383149087,2026-08-23 01:29:56.411610
3.0,0.0764961426729659,30.22457417170025,light,0.17985550051364388,1884.3104324656285,2026-08-23 01:30:56.411610
3.0,0.06542984394726509,27.958967569626285,idle,0.1796874742395886,3304.2369912616423,2026-08-23 01:31:56.411610
3.0,0.43341242518722695,30.607570692260662,light,1.3543290763156968,327.6931928685464,2026-08-23 01:32:56.411610
3.0,0.14926275958161603,31.357000734143085,medium,0.40090270543458817,954.7680653906332,2026-08-23 01:33:56.411610
3.0,0.26629637735639067,30.721744991623666,heavy,0.8108122638177439,543.2086297303089,2026-08-23 01:34:56.411610
3.0,0.0761993934727177,28.33698223889311,medium,0.3106133948755008,1897.5594310346403,2026-08-23 01:35:56.411610
3.0,0.4259800758001192,25.93472668035985,light,1.191985390080858,337.7693746057152,2026-08-23 01:36:56.411610
3.0,0.6547498288643889,33.34834934162261,heavy,1.9155976808515838,220.6031208343217,2026-08-23 01:37:56.411610
3.0,0.31559246002440056,29.194087920147094,heavy,1.0007407199092953,459.86929082914975,2026-08-23 01:38:56.411610
3.0,0.06181704154779388,30.122699559960278,medium,0.18707737203591002,2328.0188944925676,2026-08-23 01:39:56.411610
3.0,0.27180441185053295,26.581262986029497,medium,0.7731506711173808,527.8349300576405,2026-08-23 01:40:56.411610
3.0,0.3529593256286788,29.99577665633768,medium,1.0406044623188755,407.7252375721889,2026-08-23 01:41:56.411610
3.0,0.2010707973121656,28.773102942201326,heavy,0.656460728794974,711.824439018059,2026-08-23 01:42:56.411610
3.0,0.2391697833679326,31.0165031450865,heavy,0.6547905158878526,608.1115536079558,2026-08-23 01:43:56.411610
3.0,0.5078193172685774,28.734529231862183,light,1.5466901636304626,282.1158389275163,2026-08-23 01:44:56.411610
3.0,0.27116525009604764,30.529524841032277,medium,0.7759717673318176,533.8373221050824,2026-08-23 01:45:56.411610
3.0,0.5699012336121982,30.60556746822342,heavy,1.7319226888727184,249.11382928644997,2026-08-23 01:46:56.411610
3.0,0.3422193420379861,29.255101946205347,heavy,1.08255705551843,420.6665647513836,2026-08-23 01:47:56.411610
3.0,0.06978197569365943,28.69926825521425,medium,0.16252323806961594,2063.550065808117,2026-08-23 01:48:56.411610
3.0,0.6186519023078948,29.984501477530088,light,1.9019166491156962,232.7677783708855,2026-08-23 01:49:56.411610
3.0,0.3310234923483505,30.493335107327823,light,1.0463110124274373,440.10707543251584,2026-08-23 01:50:56.411610
3.019938266262168,0.4327424071563529,29.160683873663775,heavy,1.224881734291617,325.73990541519635,2026-08-23 01:51:56.411610
3.0,0.16049848934376412,30.696760997450045,idle,0.49312395190212893,1349.8326872111181,2026-08-23 01:52:56.411610
3.0510798358448574,0.17035574001393988,28.677505040035268,medium,0.5517704319901778,844.6254791372738,2026-08-23 01:53:56.411610
3.0631963408365674,0.03970201158776798,31.026102208860188,idle,0.12194956513019868,5441.432078753514,2026-08-23 01:54:56.411610
3.061728932651211,0.28858520973519436,32.636288785063414,heavy,0.773258117357836,508.54784808765737,2026-08-23 01:55:56.411610
3.075231942288458,0.4917700027375148,28.10901314760891,light,1.5774661897824922,279.60507110327916,2026-08-23 01:56:56.411610
3.118162284449235,0.3218729687699374,30.059234802670296,heavy,0.9859933605417883,450.561597774591,2026-08-23 01:57:56.411610
3.121424170987135,0.29448232946944763,28.549274462745842,light,0.857252714510262,489.7216882115999,2026-08-23 01:58:56.411610
3.1454860942991543,0.5839517871446468,27.66225296092644,light,1.7971965527404077,253.72151021856286,2026-08-23 01:59:56.411610
3.142400361062661,0.8912428403236359,30.953328470353853,medium,2.772953826228291,156.74121724283617,2026-08-23 02:00:56.411610
3.150976215796861,0.427955060877639,31.83383832801645,medium,1.2759975018744012,331.2526003731917,2026-08-23 02:01:56.411610
3.176518204294742,0.21710053110862462,29.16231784250635,heavy,0.7009512464594436,659.8262069273368,2026-08-23 02:02:56.411610
3.192620911231737,0.5157143410308328,31.06602205287388,medium,1.6171524579671255,276.4272759655405,2026-08-23 02:03:56.411610
3.2193598522259714,0.2838581713431825,29.237223781707122,idle,0.8262678870499817,762.3841506844312,2026-08-23 02:04:56.411610
3.2367963973108407,0.501882053797278,28.12588302296897,light,1.679063539934336,286.4922013652485,2026-08-23 02:05:56.411610
3.2632399653341118,0.38170473818897627,29.078239551939316,heavy,1.1797034708061584,369.04046921960054,2026-08-23 02:06:56.411610
3.325716229532227,0.3849123781235872,31.84175909902159,medium,1.2830265744283758,374.7352222842515,2026-08-23 02:07:56.411610
3.3038558937189815,0.39928558818851645,25.253737006345855,heavy,1.3541703658271027,357.30778931812927,2026-08-23 02:08:56.411610
3.3187854475546446,0.47922512257620364,34.642836273368076,heavy,1.5682701080750678,299.4336466355719,2026-08-23 02:09:56.411610
3.3250686647306136,0.5801003939219855,32.19760992922517,medium,1.959463540334157,255.5641275519376,2026-08-23 02:10:56.411610
3.3832386695317993,0.5405115177232561,28.10296223678887,medium,1.8403342233916486,276.35898959391653,2026-08-23 02:11:56.411610
3.414505756887238,0.26241281973782415,30.791601070227745,heavy,0.8103396260968416,544.0326714012938,2026-08-23 02:12:56.411610
3.3965982832333093,0.35253810841631655,29.006026289404794,idle,1.1818735399368387,608.4829274665312,2026-08-23 02:13:56.411610
3.4054177178905225,1.0769329315252834,29.653003670269765,idle,3.659632230733408,200.03364570156012,2026-08-23 02:14:56.411610
3.4312079723485915,0.5261834136688907,30.61708858176229,idle,1.770343622656141,401.056529692302,2026-08-23 02:15:56.411610
3.459242294208263,0.365765747911453,29.960273083835318,light,1.2974343579446908,389.69966363184545,2026-08-23 02:16:56.411610
3.470907576713194,0.6139995323134426,28.84066609271281,medium,2.0795027851055927,240.15516884848103,2026-08-23 02:17:56.411610
3.4453867322401712,0.6300762920395693,30.461554870480086,idle,2.17932170017373,346.8564256492294,2026-08-23 02:18:56.411610
3.501949209240431,0.575012873497422,30.43029763408172,light,2.055194230613429,243.05158246729027,2026-08-23 02:19:56.411610
3.517768214327772,0.8884132684108921,29.674438551843117,medium,3.088407516432216,159.76852133544776,2026-08-23 02:20:56.411610
3.5659935500337765,0.25502465864737567,29.69713689685959,light,0.9448896856849672,565.4002868443366,2026-08-23 02:21:56.411610
3.5168648410667123,0.5563117682313407,31.52543557575218,light,1.9460817267445605,263.26326933919904,2026-08-23 02:22:56.411610
3.5692096389679158,0.5627564195656038,30.235893735763725,light,2.0057080398758362,248.96524289650029,2026-08-23 02:23:56.411610
3.591790065326628,0.7760177851967189,31.418661003725646,light,2.695643528959584,182.62471230899035,2026-08-23 02:24:56.411610
3.5891178764102554,0.8464090981196605,28.372928091163118,light,2.9889580528127877,168.7928805166187,2026-08-23 02:25:56.411610
3.632954429963998,0.6375713227432122,28.91547470778011,light,2.231700594309417,233.90575853829725,2026-08-23 02:26:56.411610
3.633776277639977,0.5287824177853837,30.02247443119929,light,1.8925878350158014,266.2998505077433,2026-08-23 02:27:56.411610
3.638522992127178,0.7692706992035143,29.718749523098076,light,2.763002041317739,192.6660280213976,2026-08-23 02:28:56.411610
3.6697331097505432,0.6232302637434445,29.19951311494654,heavy,2.3268595830884413,235.09829002568213,2026-08-23 02:29:56.411610
3.7019719285144697,0.9500114578143437,31.64444137802779,light,3.555499180886203,159.3150313161918,2026-08-23 02:30:56.411610
3.712252412520026,0.7701372123564894,26.872464503380353,idle,2.90826667267733,273.7416784097015,2026-08-23 02:31:56.411610
3.711126704053476,0.6403409782372823,29.315938353494836,medium,2.3351575334323615,232.42198807569252,2026-08-23 02:32:56.411610
3.73419799200154,1.0249135678929808,31.086243995070674,light,3.893653595151407,146.57756047484273,2026-08-23 02:33:56.411610
3.747689941257768,0.610043657027707,29.133038271585047,medium,2.2297412350630346,228.4761734111385,2026-08-23 02:34:56.411610
3.7577673166318815,0.6678838430597674,29.344412387206354,light,2.517445049445681,224.68096811816875,2026-08-23 02:35:56.411610
3.757065297952081,0.7439793438761128,30.503400603301113,medium,2.7422488076089233,188.07126815553042,2026-08-23 02:36:56.411610
3.794639753264131,1.049497142557179,29.632726317720948,heavy,3.947130379230758,137.98647952608164,2026-08-23 02:37:56.411610
3.8041216601484207,0.9464558313224958,26.775184678037835,medium,3.587419740598473,161.53279268813182,2026-08-23 02:38:56.411610
3.821241513300657,1.0323541928696054,33.10797072315137,heavy,3.9203830745743113,143.30592175640348,2026-08-23 02:39:56.411610
3.8407088057887506,0.8363336352563102,29.85847147839712,heavy,3.2436585153505346,171.186645765561,2026-08-23 02:40:56.411610
3.844492821488367,0.980289133717487,30.66453877644314,light,3.726584814735591,152.94093845627836,2026-08-23 02:41:56.411610
3.89683661990267,0.8089112480053374,33.48486418785241,heavy,3.1937905625137555,178.7913691022462,2026-08-23 02:42:56.411610
3.8760191168960243,0.991880898206265,27.454679860115224,idle,3.7277136858640394,225.33245069125894,2026-08-23 02:43:56.411610
3.8811876137603605,1.072438699671308,30.023340770415643,idle,4.150593512169117,204.38220483732528,2026-08-23 02:44:56.411610
3.8843795826460243,0.636032683283083,31.553807524693337,heavy,2.4505646349408603,227.24168015156397,2026-08-23 02:45:56.411610
3.8938713265052916,0.5150610743169652,28.340911993399455,medium,2.03786144802378,273.9666790652004,2026-08-23 02:46:56.411610
3.912016234786714,0.8972909896749931,29.165376498353197,heavy,3.4824738086041873,162.2044291999176,2026-08-23 02:47:56.411610
3.937035915956229,1.2543847553768845,29.400215116471717,heavy,4.836151970805947,109.57806569420181,2026-08-23 02:48:56.411610
3.922173676505495,0.7283866258797107,28.442850055400413,heavy,2.919458578521345,187.63173899909216,2026-08-23 02:49:56.411610
3.9567104869156027,0.5932821840989497,28.606638624253435,heavy,2.3426414132377675,251.59844308320947,2026-08-23 02:50:56.411610
3.995845650824605,1.084735028941417,29.724519565491335,light,4.34625541621972,141.41152571877242,2026-08-23 02:51:56.411610
4.017334447307351,0.9980363671904935,31.724844162767766,light,3.9374123115295556,136.62464626464674,2026-08-23 02:52:56.411610
3.9932612532841416,1.1384601140963433,28.40364861234857,medium,4.574474250162374,123.4396622035585,2026-08-23 02:53:56.411610
4.036571881927927,0.7716709057489728,30.634702335436586,heavy,3.126731218366588,179.8163124453412,2026-08-23 02:54:56.411610
4.03722672631552,0.7196560806887551,29.060977621546506,heavy,2.9118270559913633,189.70189808683608,2026-08-23 02:55:56.411610
4.021779029704815,0.6783339289290888,29.35741061871701,idle,2.672666787185393,322.0189786194275,2026-08-23 02:56:56.411610
4.064298322151581,0.8596929064019488,29.243023590103373,idle,3.486001070330251,252.12287030818763,2026-08-23 02:57:56.411610
4.061018047640819,0.8877810782377763,29.929789819307615,heavy,3.6259018577293003,161.17872586426412,2026-08-23 02:58:56.411610
4.091364901967404,0.6516201306166626,28.781671202416945,light,2.6532312148529815,218.03043749350235,2026-08-23 02:59:56.411610
4.085239911127844,1.0087910489216727,31.12390428812692,medium,4.064707340610209,133.80945280398183,2026-08-23 03:00:56.411610
4.10998964292857,1.0205390390323892,28.840609431298066,idle,4.1864540062756355,209.56563446148328,2026-08-23 03:01:56.411610
4.052354006540663,1.1017661237594365,34.14149508161771,idle,4.539591935783253,191.74843356630743,2026-08-23 03:02:56.411610
4.0800080145344,1.1551638981665981,28.184532844975678,heavy,4.752855409644355,124.7821189738165,2026-08-23 03:03:56.411610
4.1220283972482665,0.8712683438901435,30.96612182035923,medium,3.520326679573401,156.41047834768108,2026-08-23 03:04:56.411610
4.132733564673092,1.0275695376163054,27.882278568423406,light,4.282302057358163,134.82081153916906,2026-08-23 03:05:56.411610
4.119443490758984,1.1067732004719502,28.996859846331688,medium,4.535416547331696,124.13303684191997,2026-08-23 03:06:56.411610
4.120921830176201,0.9724933209027897,28.498327555784297,heavy,3.949156708615282,146.70209668651415,2026-08-23 03:07:56.411610
4.13409667543968,1.152686232441629,32.39706410770616,idle,4.867517104006926,190.70154938534995,2026-08-23 03:08:56.411610
4.1490146877822935,0.9541358463721733,31.141358276908353,light,4.001699229930893,155.09523380846232,2026-08-23 03:09:56.411610
4.196230225426724,1.2065104100101056,28.511339231716295,medium,5.08716933652752,118.2502886324451,2026-08-23 03:10:56.411610
4.144662841881857,0.8885844248641979,29.538300929175062,light,3.6519665524188802,160.4446565014707,2026-08-23 03:11:56.411610
4.154954623108297,1.1911314495747325,29.974490179967855,light,5.004288804867003,124.6793508138081,2026-08-23 03:12:56.411610
4.14288061343643,1.0190818517234295,28.784453728115892,heavy,4.172647768060907,140.9001879172225,2026-08-23 03:13:56.411610
4.127698176073904,0.8365140800080612,29.307767066340638,heavy,3.471771673155627,177.35977363534454,2026-08-23 03:14:56.411610
4.189966901451658,1.0103125301120266,31.429857755908547,medium,4.23177790891358,137.6022050641686,2026-08-23 03:15:56.411610
4.150732725514343,1.0133349503071345,28.442078212847044,light,4.255867723183766,150.562194733478,2026-08-23 03:16:56.411610
4.205276726251875,1.245869424418831,32.11593131017521,heavy,5.205091670202545,116.01487127449823,2026-08-23 03:17:56.411610
4.170038545962143,0.743743743533892,31.039679742856407,medium,3.0859653761351726,188.05977261019527,2026-08-23 03:18:56.411610
4.226546738396544,1.0069512925209103,28.316113257011256,light,4.219837339491031,128.79180161671985,2026-08-23 03:19:56.411610
4.179760410402611,0.7002141385239176,31.460502105593033,medium,2.9249990758282456,204.5589412087315,2026-08-23 03:20:56.411610
4.17146958360745,1.1200350143011175,26.909184415469102,idle,4.614143612354642,192.6518000602051,2026-08-23 03:21:56.411610
4.186654616509026,0.7240123673342792,29.71608609374534,medium,3.023186512203043,211.56450251803471,2026-08-23 03:22:56.411610
4.24032838477871,1.004873521707155,32.35799089803559,idle,4.2540450869413995,211.72765965521583,2026-08-23 03:23:56.411610
4.191103791944366,0.8817094151383054,33.408549925129236,heavy,3.688038607689101,161.79871139615116,2026-08-23 03:24:56.411610
4.202277713788894,0.7037551799493139,29.576212287420706,medium,2.917269042165128,201.64181200974522,2026-08-23 03:25:56.411610
4.178874596601163,1.0791767764044558,32.37580452099841,medium,4.569516263136672,135.94202810032868,2026-08-23 03:26:56.411610
4.191122761191204,0.7994187274152538,29.289812183775787,idle,3.302517327699046,263.3010610805059,2026-08-23 03:27:56.411610
4.2069193409873895,0.8586454170547356,28.89254588524369,light,3.6492591719143586,175.30107514059856,2026-08-23 03:28:56.411610
4.179177083154704,0.9978090311786559,31.008251663648053,heavy,4.1715278917427465,145.22188071197715,2026-08-23 03:29:56.411610
4.18055749920012,1.0405360188486605,31.01241992003074,idle,4.410353564364928,205.63435433989355,2026-08-23 03:30:56.411610
4.213813982106415,1.0251712563491953,30.852314571997766,medium,4.2883697537196115,134.9503303312061,2026-08-23 03:31:56.411610
4.1809926666698365,0.7655542752504022,30.188313944832228,idle,3.2177107537779803,276.81484938599664,2026-08-23 03:32:56.411610
4.156031030670663,1.0615229534911728,30.121602086771368,heavy,4.53565022035189,135.6260460153996,2026-08-23 03:33:56.411610
4.181386117404867,0.9026284158407266,29.73949848487342,idle,3.707799127709218,225.76305521804807,2026-08-23 03:34:56.411610
4.157815430883902,0.7967093611423609,29.906703008570993,heavy,3.3210409017078093,174.09961433328704,2026-08-23 03:35:56.411610
4.19959200811975,0.7374477650589537,27.72900042488723,heavy,3.0546269160372033,191.10045059266716,2026-08-23 03:36:56.411610
4.17775861293925,0.46439430790242875,29.061901043743834,medium,1.962629701488491,307.2028009655862,2026-08-23 03:37:56.411610
4.181928638110721,0.901867990658204,30.485229069376743,heavy,3.7138056142225158,155.1412121490849,2026-08-23 03:38:56.411610
4.138579154977071,0.5353004978216245,30.74404531369635,light,2.2251878848712097,258.0206606972865,2026-08-23 03:39:56.411610
4.166974450691832,0.9532199126409624,30.046946017673587,light,3.975357245110576,156.37042765623832,2026-08-23 03:40:56.411610
4.134525286732425,0.9704001223082825,27.573230364882406,light,4.008946119867312,142.16819358150988,2026-08-23 03:41:56.411610
4.1470321784397814,0.9322077504528696,26.904104956214017,idle,3.8593978955041703,233.6206746960185,2026-08-23 03:42:56.411610
4.168928153419216,0.40661882406527516,26.945798704196676,heavy,1.7014306793808893,346.67757135279174,2026-08-23 03:43:56.411610
4.163509061954952,0.32491158924610153,28.685802169358993,medium,1.3656196210062108,454.5936964524027,2026-08-23 03:44:56.411610
4.129285994311164,0.7939615946188754,32.78662348664168,heavy,3.2673328109396995,179.68862283077488,2026-08-23 03:45:56.411610
4.162929137283513,0.6352411135340601,29.294993715872177,medium,2.6321936279479345,224.71605859446697,2026-08-23 03:46:56.411610
4.12945022122804,0.5971589104971681,30.67262126268581,heavy,2.5495137453459007,240.76572000397334,2026-08-23 03:47:56.411610
4.144947212289366,0.8566110235502966,31.382311392874996,light,3.601184883414478,159.22438685573886,2026-08-23 03:48:56.411610
4.138547209070403,0.7415795786486208,28.82576237066985,medium,3.0390160640993167,192.86559978891847,2026-08-23 03:49:56.411610
4.107470461556239,0.6143361124736426,25.089798652676734,heavy,2.5055728761391762,233.55429484178833,2026-08-23 03:50:56.411610
4.055268548914872,1.0362481497506009,28.843009742212946,light,4.18176561287711,135.51579159482466,2026-08-23 03:51:56.411610
4.146120761512696,0.46696126824048534,30.60504425054442,idle,1.9347264108550817,460.2313909770935,2026-08-23 03:52:56.411610
4.036893464955812,0.6350559848044621,30.81042413242542,light,2.6386867100661284,221.7817581404858,2026-08-23 03:53:56.411610
4.090163040923734,0.6706375339247337,27.60341026241812,medium,2.77749571770916,212.39702748250423,2026-08-23 03:54:56.411610
4.040539717198302,0.3785815950679829,28.595287524575816,idle,1.531852987420491,568.2791250509441,2026-08-23 03:55:56.411610
4.06262444272623,0.4739243681365942,28.55324700320239,heavy,1.9495185310010235,301.93037518351224,2026-08-23 03:56:56.411610
4.0328349401303125,0.7208785114723741,28.322246197758624,light,2.850389240785281,205.83880905087372,2026-08-23 03:57:56.411610
4.033428571418232,0.7801251873951208,29.436158505957078,light,3.2185850150553446,180.52583311954413,2026-08-23 03:58:56.411610
4.018118629001331,0.23823269133967157,29.79863397347015,idle,0.992819896540101,903.291563035649,2026-08-23 03:59:56.411610
3.997367960619639,0.41267357789467496,30.52897409218571,light,1.554254166391644,345.896019144363,2026-08-23 04:00:56.411610
3.986453903383547,0.3168081434050728,27.17566712536054,light,1.2895053563527041,454.3186107524502,2026-08-23 04:01:56.411610
4.018262750710799,0.4716040419181796,29.40394610051479,heavy,1.8280128373639886,303.000491078597,2026-08-23 04:02:56.411610
3.9780474514047834,0.4116856344195459,28.966352359667425,heavy,1.7113925024085341,346.1982016615454,2026-08-23 04:03:56.411610
3.939046392247631,0.5897544396957553,29.431177238369145,heavy,2.305557668645265,245.42985465714148,2026-08-23 04:04:56.411610
3.9569247723514596,0.43546927282827247,31.212398183507606,idle,1.6851542654487948,497.74088348031995,2026-08-23 04:05:56.411610
3.934814308356568,0.29321837321618327,30.18943666197048,idle,1.102215287364044,737.3719564554067,2026-08-23 04:06:56.411610
3.9154940870332324,0.727525129475292,27.433469807065446,heavy,2.89062760663533,186.75835424039258,2026-08-23 04:07:56.411610
3.9128914327252375,0.4165970692680273,30.42185810589756,medium,1.633456481730655,349.3501091337455,2026-08-23 04:08:56.411610
3.9321223795317928,0.35220052057217033,26.870954582136022,light,1.420412293831683,414.3037457220665,2026-08-23 04:09:56.411610
3.8592615462122875,0.4125408143974213,29.504458693252168,heavy,1.497944229937154,349.5642025852164,2026-08-23 04:10:56.411610
3.850441913117306,0.2477686870127904,30.346311923938842,medium,0.9669469343063656,586.257572203907,2026-08-23 04:11:56.411610
3.8643714711399726,0.4674324279555898,28.922200958897147,light,1.794891718349159,317.21607659896057,2026-08-23 04:12:56.411610
3.8240278393806006,0.6532052133953359,25.448862536246995,heavy,2.5390130083926055,216.0768780793641,2026-08-23 04:13:56.411610
3.8503282529601233,0.5292534686788811,28.948238095089753,medium,2.021956591188843,279.53085240833025,2026-08-23 04:14:56.411610
3.795729926528186,0.19854176245700295,32.37592198582983,light,0.7215228919969379,725.6616553185789,2026-08-23 04:15:56.411610
3.7986524639066817,0.6865116931564476,28.86447102716852,idle,2.6856041177948837,315.9409419910619,2026-08-23 04:16:56.411610
3.7977724256215883,0.450670876908767,30.602862197609355,light,1.635812674967755,305.9680760477605,2026-08-23 04:17:56.411610
3.741711841384188,0.21038093417928938,27.334996810352216,light,0.8348383872750117,689.3330260295074,2026-08-23 04:18:56.411610
3.7593653072052478,0.4641746395693541,28.766970696784966,idle,1.7644851936288002,456.8458821743706,2026-08-23 04:19:56.411610
3.7383071234711323,0.0793849260468899,26.97186262213917,idle,0.18904688618375753,2721.830721962981,2026-08-23 04:20:56.411610
3.7234290577904896,0.3983614527355273,30.704558603717498,idle,1.4684890675506201,546.4072027384407,2026-08-23 04:21:56.411610
3.704861445893341,0.19003958519946007,29.15739042444637,medium,0.7326156151229284,765.9410276833171,2026-08-23 04:22:56.411610
3.701537794024225,0.28794968762832096,26.472472693256407,heavy,1.094026415714112,498.7868314484056,2026-08-23 04:23:56.411610
3.665650960841391,0.3900465600017345,27.552794874554138,heavy,1.3454203080142273,361.3776029547907,2026-08-23 04:24:56.411610
3.6580645007277215,0.39551411410308657,29.902002526413888,heavy,1.4064093581178807,362.2863259080655,2026-08-23 04:25:56.411610
3.635375215842582,0.2865119165832685,27.499582520625403,idle,1.04588181005088,763.612154881825,2026-08-23 04:26:56.411610
3.6223538610376824,0.2237456098806355,27.58581620068924,light,0.7710018383351872,655.5922324449953,2026-08-23 04:27:56.411610
3.6285287812690963,0.3237083766783643,29.64548714885135,heavy,1.1124689402756052,438.1328830397997,2026-08-23 04:28:56.411610
3.583124375514035,0.11035207738102101,29.26235484723609,heavy,0.3526365820009592,1303.4251467563129,2026-08-23 04:29:56.411610
3.5479573937998965,0.43254908354711685,27.33496645329853,idle,1.543869368951803,501.95762222155383,2026-08-23 04:30:56.411610
3.5561041966720666,0.276174723290631,28.617712942104383,idle,1.0757016834595432,775.9281917683593,2026-08-23 04:31:56.411610
3.487395382884726,0.2090192028288251,31.467902528418584,idle,0.7350243729025023,1032.1103007207653,2026-08-23 04:32:56.411610
3.5127186494586087,0.016504424049997746,25.764984589948916,light,0.12101064946072623,8725.481484047154,2026-08-23 04:33:56.411610
3.485633671843668,0.35916079839009796,27.52076537649576,idle,1.2854104485905207,594.4053861580346,2026-08-23 04:34:56.411610
3.4660169175902467,0.09912344245844747,28.492192981215133,heavy,0.34278670973108283,1454.1373465001652,2026-08-23 04:35:56.411610
3.48011552593573,0.2943120188728094,31.87339335628922,heavy,1.0258735377459636,487.9690482615849,2026-08-23 04:36:56.411610
3.4469276661161183,0.09900047217053193,25.405134112401534,idle,0.3299277113153469,2188.424935518476,2026-08-23 04:37:56.411610
3.39342797112238,0.38677197057966983,28.38944864954725,medium,1.19297982479854,374.06121354728106,2026-08-23 04:38:56.411610
3.423064847051764,0.1418563281297217,30.740369944050926,heavy,0.5164915923039656,1018.0018466269585,2026-08-23 04:39:56.411610
3.410739506725298,0.2680186334831703,26.987298955327727,heavy,0.9170474690993063,526.9375535443211,2026-08-23 04:40:56.411610
3.351109668949543,0.3072121547858321,30.029157961381724,idle,1.047622444693873,705.4338017508468,2026-08-23 04:41:56.411610
3.3584132737116463,0.3945104202912654,28.809126649365464,light,1.3773438279223997,366.432486867743,2026-08-23 04:42:56.411610
3.3202793663063677,0.197093700295764,31.092808709265473,light,0.6949396267138064,731.8263969038769,2026-08-23 04:43:56.411610
3.3433985351647495,0.5703554364566924,27.160997482834386,idle,1.7733317863041282,370.4207653332895,2026-08-23 04:44:56.411610
3.324150768498237,0.5329704534003488,28.969744205009683,medium,1.7622720014255393,271.04706260986796,2026-08-23 04:45:56.411610
3.316524666805265,0.5369861748161135,29.807926793684707,light,1.8713164558521889,262.57502536632575,2026-08-23 04:46:56.411610
3.2581893782263833,0.20547466516880247,27.485459587095985,light,0.7194071399289131,699.0807855985493,2026-08-23 04:47:56.411610
3.2725819262901186,0.29430576925149554,27.577640109179182,medium,0.9396733877044142,482.3746943417157,2026-08-23 04:48:56.411610
3.2046648582612702,0.026125728418429084,27.192662813096614,medium,0.0810341364257418,5510.62682621954,2026-08-23 04:49:56.411610
3.2127343421142656,0.1355148320260482,28.92344511503656,light,0.4607082858781817,1062.5271104781168,2026-08-23 04:50:56.411610
3.186762023543978,0.2441769694962982,27.93501067397999,light,0.7542223433303404,583.4759343502011,2026-08-23 04:51:56.411610
3.186125462602257,0.14605343152517342,29.298065831936896,medium,0.46382464760030767,985.8031510813215,2026-08-23 04:52:56.411610
3.1574064661097374,0.056520302017075696,28.570259482344735,idle,0.1682160987408482,3818.1008615580445,2026-08-23 04:53:56.411610
3.1217620601294076,0.09212729624893364,30.273925484273523,idle,0.2204677710423521,2341.7242630495352,2026-08-23 04:54:56.411610
3.1372763815963878,0.6414785608367067,26.153906628917287,light,2.033881132340321,220.0324739629317,2026-08-23 04:55:56.411610
3.1007612428633986,0.5663978600628796,28.841209515790972,heavy,1.8064437420970207,249.2816536294486,2026-08-23 04:56:56.411610
3.0965291914807804,0.40524370192880843,27.288719757707057,idle,1.1828906575346827,539.6776506412106,2026-08-23 04:57:56.411610
3.1073427456984026,0.30296546301738825,29.87715124287238,idle,1.0128304463894333,708.4392600706572,2026-08-23 04:58:56.411610
3.0158153292914305,0.4386443886321568,30.869800518515454,heavy,1.3396680432308805,326.47846311234656,2026-08-23 04:59:56.411610
3.0550255284295615,0.5870680884223758,26.664489361612333,heavy,1.7738203838892403,249.47849015629305,2026-08-23 05:00:56.411610
3.0,0.00940474618772752,28.49975826056774,idle,0.07221711429298322,21593.62680683254,2026-08-23 05:01:56.411610
3.007414994151167,0.2842733756780371,29.434159675108983,light,0.8783026696537597,498.15939458529726,2026-08-23 05:02:56.411610
3.0,0.42097195185698055,26.63195787498618,heavy,1.2682117990491302,343.46538468325224,2026-08-23 05:03:56.411610
3.0,0.26648749529624377,30.161789032320648,idle,0.8077076638019625,819.5395386634746,2026-08-23 05:04:56.411610
3.0,0.2250193639362806,29.858438454465933,medium,0.663957141082408,639.5410435631613,2026-08-23 05:05:56.411610
3.0,0.38390656458442074,26.02594320943589,idle,1.1686492175979253,568.3460292082477,2026-08-23 05:06:56.411610
3.0,0.19784811919927642,31.188843541613494,light,0.6156071906553258,724.3914285098275,2026-08-23 05:07:56.411610
3.0,0.4660792578360322,30.400765206518948,medium,1.36979365010738,313.944359947144,2026-08-23 05:08:56.411610
3.0,0.4491250529591849,28.250232420127176,heavy,1.347198327333506,314.87568025526195,2026-08-23 05:09:56.411610
3.0,0.6206499647542792,28.348909597330206,idle,1.834375974460442,352.99545535476267,2026-08-23 05:10:56.411610
3.0,0.10653294246173822,24.780085494983307,heavy,0.37306796409680376,1354.5090830803747,2026-08-23 05:11:56.411610
3.0,0.23881719069044144,28.8159670645143,medium,0.6938131527946106,599.8107025201913,2026-08-23 05:12:56.411610
3.0,0.41423372534684955,29.20322207342826,light,1.1248617832910912,349.8351071094978,2026-08-23 05:13:56.411610
3.0,0.08190554133034134,26.488356087102044,heavy,0.3249902642745332,1753.6371680987759,2026-08-23 05:14:56.411610
3.0,0.5915171191212437,30.41881904794865,light,1.7772305111123219,241.32461849407784,2026-08-23 05:15:56.411610
3.0,0.4692968656533983,29.369911499175217,idle,1.4937431218016477,457.2440212528896,2026-08-23 05:16:56.411610
3.0,0.5474577918061198,25.44323245127938,medium,1.6585538566306626,268.91150975722235,2026-08-23 05:17:56.411610
3.0,0.5253575721597028,25.532030614004665,medium,1.5952934754538561,277.54525428928196,2026-08-23 05:18:56.411610
3.0,0.20450635912445994,30.034279952278105,heavy,0.5734767506154912,698.410344610838,2026-08-23 05:19:56.411610
3.0,0.7544539603823153,26.47888821621762,medium,2.1960164482105244,183.1160492432744,2026-08-23 05:20:56.411610
3.0,0.4347802485947011,26.654038018477447,medium,1.274585785106555,323.03109409238004,2026-08-23 05:21:56.411610
3.0,0.38638230565400367,27.111589087738185,light,1.1300572963313742,370.2760795351657,2026-08-23 05:22:56.411610
3.0,0.3734384942198952,26.381997042420604,medium,0.9791585435505251,390.3641124706042,2026-08-23 05:23:56.411610
3.0,0.3540684701405682,28.001127684862798,heavy,1.0271201120752385,413.9283182246788,2026-08-23 05:24:56.411610
3.0,0.2759023428308589,25.503084529036492,heavy,0.7838888303945107,523.8940660998545,2026-08-23 05:25:56.411610
3.0,0.5439156971631973,27.745478597439195,idle,1.6408299275209048,400.30530862885905,2026-08-23 05:26:56.411610
3.0,0.4654618457368124,27.837961029903088,light,1.3873265346673944,316.9737502711219,2026-08-23 05:27:56.411610
3.0,0.47224699208100795,31.310547966770326,idle,1.44101122668014,450.20718260233,2026-08-23 05:28:56.411610
3.0,0.8282306953157179,25.944226408066474,medium,2.5374384300318393,177.85036149690058,2026-08-23 05:29:56.411610
3.0,0.618662779929972,27.735100859882444,light,1.87521370065067,228.27874261296265,2026-08-23 05:30:56.411610
3.0,0.6994025414653412,28.143467491205392,medium,2.0875425381148918,205.1186680671372,2026-08-23 05:31:56.411610
3.0,0.7385862633058671,28.632860041692368,idle,2.2189373552876743,291.50889664588175,2026-08-23 05:32:56.411610
3.0,0.44553230604139227,28.846670716525292,light,1.3505548604139344,323.9819267340992,2026-08-23 05:33:56.411610
3.0,0.5513664206780964,27.268470551670806,idle,1.6615114360517487,389.8760046807832,2026-08-23 05:34:56.411610
3.0,0.6370781670055699,28.224855923543444,medium,1.8519719437326894,222.07676680409688,2026-08-23 05:35:56.411610
3.0,0.5916587544896262,26.63164874527649,light,1.9426167632132183,246.25253737619298,2026-08-23 05:36:56.411610
3.0,0.44203225481817343,28.57454064768279,idle,1.2957768068235866,487.70132994049453,2026-08-23 05:37:56.411610
3.0,0.780695927851863,27.418160257844814,heavy,2.333421713238666,186.33806415104237,2026-08-23 05:38:56.411610
3.0,0.3844579539300765,27.580090266604866,heavy,1.1848573918947616,375.79195566145404,2026-08-23 05:39:56.411610
3.0,0.5558025415157845,26.57539555673734,heavy,1.654433221975473,267.725648268673,2026-08-23 05:40:56.411610
3.0,0.7949660930406427,27.546552512182274,idle,2.3610969354008144,267.8065117080901,2026-08-23 05:41:56.411610
3.0,1.2078200933716687,28.687375561509235,idle,3.680689180837527,184.41032667346218,2026-08-23 05:42:56.411610
3.0,0.5924561388149514,28.735344860967952,light,1.7893150448436583,249.62928604038248,2026-08-23 05:43:56.411610
3.0,0.3265454579421287,28.61588955406147,medium,0.9922547457679578,441.4913489772192,2026-08-23 05:44:56.411610
3.0,1.0008714062259163,26.16856699621086,light,3.064644976467987,144.6637007094167,2026-08-23 05:45:56.411610
3.0,0.6997956599139956,27.996439206266096,light,2.130405693757716,201.60789889663397,2026-08-23 05:46:56.411610
3.0,0.6187823464241327,26.50115502321818,heavy,1.7860749780928227,218.9624881961016,2026-08-23 05:47:56.411610
3.0,1.1127311333586407,28.612855593722173,medium,3.3548732261145933,122.94557280305698,2026-08-23 05:48:56.411610
3.0,0.6045025794937147,24.830073426506985,idle,1.8544491667322438,356.66594539544917,2026-08-23 05:49:56.411610
3.0,0.7143140251733456,30.334428901353704,medium,2.1222483908553547,212.54090231583646,2026-08-23 05:50:56.411610
3.0,0.76097471174224,25.866107026198918,idle,2.3065280266304957,295.9527187076069,2026-08-23 05:51:56.411610
3.0,0.928919863740203,29.35101600563299,light,2.749697485832679,153.57981435137543,2026-08-23 05:52:56.411610
3.0,0.9622240439626228,25.924070012008603,medium,2.904337457568865,149.46777458840137,2026-08-23 05:53:56.411610
3.0,1.0237016726505432,27.51951666932509,heavy,3.117499932094211,142.7797933367758,2026-08-23 05:54:56.411610
3.0,1.013775478051281,26.903094170580957,light,3.0246918750281826,137.28510320939353,2026-08-23 05:55:56.411610
3.0,1.1517466794250877,28.51080753869269,medium,3.457369895339279,120.19558411781627,2026-08-23 05:56:56.411610
3.0,1.1538222504128566,25.302457039677602,medium,3.434346412774829,124.68069302611501,2026-08-23 05:57:56.411610
3.0,1.0404817042422834,28.086016049511123,light,3.0217119971882376,142.02573064375122,2026-08-23 05:58:56.411610
3.0,0.9625115338408737,26.89106147029893,heavy,2.802279684929063,152.2217530453289,2026-08-23 05:59:56.411610
3.0,0.7572211558606535,25.756659107169227,heavy,2.314511371405286,189.43369713712175,2026-08-23 06:00:56.411610
3.0,1.1043802772704567,27.383570512001384,light,3.34276457194733,130.05540574869084,2026-08-23 06:01:56.411610
3.0,0.9076347952864485,27.349287250078497,idle,2.7839307045626613,245.39089809283217,2026-08-23 06:02:56.411610
3.0,1.0174053304682302,26.908149388650976,light,3.124130901613234,142.28900960851777,2026-08-23 06:03:56.411610
3.0,0.41062166625611707,28.341871406285613,light,1.1949176464660807,342.7483893207785,2026-08-23 06:04:56.411610
3.0,0.7628807523105504,26.76792677295554,light,2.2905068614533803,187.85303888459453,2026-08-23 06:05:56.411610
3.0,0.8182208676363257,27.613712295099475,light,2.424573729195914,175.93955433968867,2026-08-23 06:06:56.411610
3.0,0.7920933028340512,27.40671695560448,medium,2.293027296164194,178.023345991195,2026-08-23 06:07:56.411610
3.0,0.9951194732865581,29.364574180477966,idle,3.0193905705300583,217.1229718230888,2026-08-23 06:08:56.411610
3.0,0.7576817037513878,28.282586515351312,idle,2.2619610279035838,283.27394546609554,2026-08-23 06:09:56.411610
3.0,1.3365143154803103,26.047272223870205,idle,4.053058036177689,150.18995652550245,2026-08-23 06:10:56.411610
3.0,0.9429002760960083,28.346806605583733,medium,2.834164602354497,153.95175718921348,2026-08-23 06:11:56.411610
3.0,0.5423638630902146,26.476823294570927,medium,1.682102529471329,257.6859589391977,2026-08-23 06:12:56.411610
3.0,1.0897480403059023,25.43343943605187,heavy,3.3393024855218445,134.5209383466947,2026-08-23 06:13:56.411610
3.0,1.14726047575798,25.84236844743039,idle,3.3923418618786343,189.77769396128824,2026-08-23 06:14:56.411610
3.0,1.080052383723557,27.16396512354741,idle,3.3053888546493666,212.89273205586173,2026-08-23 06:15:56.411610
3.0,1.2336265138666778,28.250778144846986,medium,3.6818603621773525,118.5259727922698,2026-08-23 06:16:56.411610
3.0,0.59711396976603,26.079230352824947,idle,1.830915737018358,365.4445632144791,2026-08-23 06:17:56.411610
3.0,0.8818467905027824,23.939786936010094,heavy,2.6147950906941158,156.41860975644872,2026-08-23 06:18:56.411610
3.0,0.5939618221288103,25.53734744297914,idle,1.813555344234883,372.2730721562665,2026-08-23 06:19:56.411610
3.0,1.3000818817408941,27.033031586108088,medium,3.8629904477010757,116.70898633214935,2026-08-23 06:20:56.411610
3.0,1.0726629353409913,26.739748056127624,light,3.2135697644610475,131.13505869587974,2026-08-23 06:21:56.411610
3.0,1.2407434725788327,27.195751057345944,idle,3.601018381140445,181.80455946186024,2026-08-23 06:22:56.411610
3.0,1.0649376275171614,27.924635255264786,heavy,3.27350639915074,136.43526174989893,2026-08-23 06:23:56.411610
3.0,0.6409444199829981,25.37418387236912,heavy,1.9490110091208892,229.72023083137498,2026-08-23 06:24:56.411610
3.0,0.8500642952391906,26.68376664567514,heavy,2.5307116986860954,178.99867271781747,2026-08-23 06:25:56.411610
3.0,0.9480979162134779,29.010568798533,idle,2.846789013792023,224.63482691078644,2026-08-23 06:26:56.411610
3.0,0.8757302009833072,25.313948374156443,idle,2.658566459972212,242.50492509269688,2026-08-23 06:27:56.411610
3.0,0.830823809814566,26.168352713195766,light,2.5891353787757287,166.26097553349803,2026-08-23 06:28:56.411610
3.0,0.9922836000236815,22.80042661850051,idle,2.9783760856472585,216.1379648545348,2026-08-23 06:29:56.411610
3.0,0.6565845402588089,29.17108384995612,light,1.9102090709517772,226.17187782056246,2026-08-23 06:30:56.411610
3.0,0.48548992642948524,27.940047935826744,idle,1.3996758014056512,451.91353701522456,2026-08-23 06:31:56.411610
3.0,1.120001497562518,24.49327257432362,heavy,3.3802227432438925,130.70649879092417,2026-08-23 06:32:56.411610
3.0,1.074955263367566,25.155173846906912,idle,3.216494004492402,207.42289772259963,2026-08-23 06:33:56.411610
3.0,0.7367336036109523,25.19775429896342,heavy,2.222553869113384,196.0174244372944,2026-08-23 06:34:56.411610
3.0,0.7750882949703425,28.534472000808332,idle,2.3361091302591115,288.6305147392845,2026-08-23 06:35:56.411610
3.0,0.9380576755027425,21.495634226686516,idle,2.7768227388365663,225.02700010165478,2026-08-23 06:36:56.411610
3.0,0.7518424250136344,25.68268671483339,idle,2.278207231491824,286.4120521685448,2026-08-23 06:37:56.411610
3.0,0.7698549315023315,26.150769224917415,heavy,2.2412970049723193,183.96752298088998,2026-08-23 06:38:56.411610
3.0,0.5652487378873798,28.75314731492952,light,1.687849488872431,262.83103019248335,2026-08-23 06:39:56.411610
3.0,0.8643245126146504,21.679282194380256,medium,2.589209809991137,156.08494587986922,2026-08-23 06:40:56.411610
3.0,0.7072153463473948,25.60419451643832,medium,2.1064873023163,215.27932791002942,2026-08-23 06:41:56.411610
3.0,1.0197086431753817,25.82519212443577,medium,3.062652474371321,139.2347664225868,2026-08-23 06:42:56.411610
3.0,1.2078987153205247,27.598506490705777,heavy,3.58182304259595,125.55453118441771,2026-08-23 06:43:56.411610
3.0,0.7536009818037267,23.67704557079964,medium,2.3717709304631898,192.1939154967575,2026-08-23 06:44:56.411610
3.0,0.7632251080268451,26.697135320118374,idle,2.3369184953921556,290.3429481638214,2026-08-23 06:45:56.411610
3.0,0.645435482610884,26.43773501788167,medium,1.9608366781603146,221.58993025734765,2026-08-23 06:46:56.411610
3.0,1.046772000339013,24.19329223293687,idle,3.1719303157205805,204.67357740423952,2026-08-23 06:47:56.411610
3.0,1.071263290726599,25.41444649731506,idle,3.2521296016289285,194.68223740661426,2026-08-23 06:48:56.411610
3.0,1.0642631902933566,24.59318057863197,heavy,3.1482420969058307,139.27170158592307,2026-08-23 06:49:56.411610
3.0,1.0149282772115331,27.138208067050922,medium,3.035112049154805,151.7763411463901,2026-08-23 06:50:56.411610
3.0,0.7704734169440274,26.33284010953346,idle,2.388469498852596,281.0001989229414,2026-08-23 06:51:56.411610
3.0,0.558177041952501,28.45828629327352,medium,1.6275237502097473,263.86765170926486,2026-08-23 06:52:56.411610
3.0,0.34373408175359516,26.11505647052233,medium,1.0584143236434065,424.1393479004396,2026-08-23 06:53:56.411610
3.0,0.5779202690290286,24.235965226212038,medium,1.7650188117408412,258.3696623280482,2026-08-23 06:54:56.411610
3.0,0.5762858128302185,25.876883550762646,medium,1.7039514931146156,250.9002227364508,2026-08-23 06:55:56.411610
3.0,1.0810885088919093,25.964280983624334,medium,3.2297505972799927,127.9023435547968,2026-08-23 06:56:56.411610
3.0,0.546891770219792,25.064548066140386,light,1.5481130535567496,257.7726289887137,2026-08-23 06:57:56.411610
3.0,0.7310115018966408,25.818431535200602,light,2.164489186174662,193.07304459958195,2026-08-23 06:58:56.411610
3.0,0.9608186100691862,26.08854803585942,medium,2.8271418355267697,148.91727639718823,2026-08-23 06:59:56.411610
3.0,0.8185585159950983,25.860008569194537,idle,2.3825512669158697,264.1410095566955,2026-08-23 07:00:56.411610
3.0,0.49982285638486984,25.58426010045237,medium,1.5551978852371116,294.0474079741739,2026-08-23 07:01:56.411610
3.0,0.5893136702530155,25.279751966745025,idle,1.750332165626718,372.2154411188689,2026-08-23 07:02:56.411610
3.0,0.6084880097802173,23.458249497853977,idle,1.7668950687491423,347.7680708360216,2026-08-23 07:03:56.411610
3.0,1.2027384822422678,26.45820286689522,idle,3.704672346559266,179.26277297693494,2026-08-23 07:04:56.411610
3.0,0.7406228763535122,27.81422311185036,medium,2.221154554438141,192.18961098032628,2026-08-23 07:05:56.411610
3.0150205421992595,0.736970955950511,27.749308377184814,idle,2.260363887170149,288.7205957541212,2026-08-23 07:06:56.411610
3.0098661003417106,0.5110526273547742,25.270711397965393,idle,1.6087378791812887,416.83759597522175,2026-08-23 07:07:56.411610
3.0501977625701295,0.2990482309206214,25.60516330040381,heavy,1.0107687686532267,483.72637947142897,2026-08-23 07:08:56.411610
3.0356202242999193,0.3362613716381465,26.122839416281792,idle,1.072648645033417,643.8518610787424,2026-08-23 07:09:56.411610
3.092696835989411,0.49214670395454807,27.015393235031954,medium,1.4906315389801434,286.2645863265016,2026-08-23 07:10:56.411610
3.093921792232071,0.3866834243355156,26.46777757947149,light,1.1004189110621758,372.41286419486903,2026-08-23 07:11:56.411610
3.0994805131924488,0.22792321166913276,25.119116822979848,light,0.6979282834943662,635.9624944976766,2026-08-23 07:12:56.411610
3.140729006073213,0.5191756798091527,26.22415634231947,idle,1.5997381910588748,413.57579043327974,2026-08-23 07:13:56.411610
3.1336156383303293,0.6160655663614041,23.82743864178452,idle,1.8458841843501075,346.20752687833254,2026-08-23 07:14:56.411610
3.1682045390924225,0.738220659721785,27.281349840177704,medium,2.3196955911337334,199.84810502686966,2026-08-23 07:15:56.411610
3.189352538345167,0.22596692313842853,28.19031474736413,heavy,0.7212045876972525,636.5867332504553,2026-08-23 07:16:56.411610
3.1795087228945405,0.21838141841195613,24.106539014152155,light,0.648636089745894,661.1012080165361,2026-08-23 07:17:56.411610
3.2213222627728046,0.33194916793132195,21.628080170905807,medium,1.1588810494184423,436.5929251782435,2026-08-23 07:18:56.411610
3.2265035898968164,0.31541690453275056,27.58684125046982,heavy,0.9551311361345419,464.0203161229043,2026-08-23 07:19:56.411610
3.262352402891161,0.5292986040159307,24.158913734742313,heavy,1.684996851618076,264.90777623134466,2026-08-23 07:20:56.411610
3.2557090415092884,0.5110915331374138,23.69212063126184,medium,1.6997279425085925,280.52473186739843,2026-08-23 07:21:56.411610
3.292594689766879,0.35652991820284763,22.918416233581752,medium,1.1644654987924667,400.2601579216246,2026-08-23 07:22:56.411610
3.2805219683823093,0.12341460523829728,24.721941272636762,light,0.501604277890928,1168.4322281531986,2026-08-23 07:23:56.411610
3.3443745914806327,0.7429761872863173,26.426492699749257,idle,2.6207684835045644,288.1368471183715,2026-08-23 07:24:56.411610
3.377231287249279,0.28798198688635657,25.467591872181014,heavy,0.947504734741344,495.3442633540088,2026-08-23 07:25:56.411610
3.357500207696498,0.16252333087459314,22.914323081990744,idle,0.5784557106901786,1328.8026604773643,2026-08-23 07:26:56.411610
3.3637037807654653,5.020897356378118e-06,27.153003373910604,light,0.011009993561461595,14393.384218653528,2026-08-23 07:27:56.411610
3.4333070637110406,0.1973728759369141,24.00836308242804,medium,0.645297850936898,724.0171432811176,2026-08-23 07:28:56.411610
3.4151919277008584,0.7685324142338184,26.784584252955852,heavy,2.6604661186660516,187.84137158347974,2026-08-23 07:29:56.411610
3.435008629467881,0.48064953306791025,25.946796682385642,idle,1.5635267135092819,450.2098390240108,2026-08-23 07:30:56.411610
3.4540169544939903,0.245085844768604,26.79907660232751,heavy,0.8602406359530378,584.2190896593522,2026-08-23 07:31:56.411610
3.493267099203513,0.38893660515449047,25.614650461850438,heavy,1.442035253946595,377.5457790802216,2026-08-23 07:32:56.411610
3.4947307475668214,0.1606363924141984,24.468339066151934,medium,0.6194591435936192,894.4901019434059,2026-08-23 07:33:56.411610
3.5282474134236836,0.3475792417569566,26.532768501665224,medium,1.2209928545581707,423.1674685671589,2026-08-23 07:34:56.411610
3.5088788137195004,0.690761067180174,26.714259238966886,idle,2.4949925070492465,307.5842353356496,2026-08-23 07:35:56.411610
3.55201774683877,0.4680716654866596,25.324368663398488,heavy,1.7046861418487598,312.30700731155406,2026-08-23 07:36:56.411610
3.572275760759181,0.18682653832259188,25.517575658141315,medium,0.6929329451643188,766.9053201451737,2026-08-23 07:37:56.411610
3.561950011272153,0.26870063853751847,23.163510159771036,light,1.008112948573568,533.7244683884164,2026-08-23 07:38:56.411610
3.5663051463284834,0.45435896424791933,26.14725628392168,medium,1.6265595600807765,314.2050312785252,2026-08-23 07:39:56.411610
3.6147669102644757,0.12678340636606666,24.271192619594,light,0.4658806946738466,1139.0276311190423,2026-08-23 07:40:56.411610
3.6552209463626393,0.4088081167858425,26.674898312205247,idle,1.4828908215918781,531.4847957789437,2026-08-23 07:41:56.411610
3.666087306738932,0.48755533833702097,24.549604732914634,idle,1.8191219879807112,439.10168545657825,2026-08-23 07:42:56.411610
3.6747361860883756,0.8227196834211226,26.96970726311187,idle,3.054778328441102,271.6011310309583,2026-08-23 07:43:56.411610
3.7058139164163824,0.3228981041450465,24.009224479803702,heavy,1.2321314430581851,446.1662389379987,2026-08-23 07:44:56.411610
3.741297290779268,0.25212946344578213,24.141837635985475,heavy,0.9524599896782012,563.1794596052766,2026-08-23 07:45:56.411610
3.7124477538822265,0.30187375348564566,25.088053117182362,heavy,1.1400443722480595,472.3404431848836,2026-08-23 07:46:56.411610
3.71260637044579,0.50898397384507,25.70731336726566,idle,1.928888256946331,421.21341923456873,2026-08-23 07:47:56.411610
3.7439219393285437,0.28387474201917723,23.444542316259504,heavy,1.0307736589271397,510.5056758895436,2026-08-23 07:48:56.411610
3.7580560504529537,0.5274234379304714,24.479953004598933,idle,1.9931550528996318,416.24771464213086,2026-08-23 07:49:56.411610
3.7439170269354274,0.22743255496858464,24.432526907077623,medium,0.8709628280128371,627.3430066558747,2026-08-23 07:50:56.411610
3.812909597914721,0.31957535319287905,24.101479239526128,idle,1.1916112010576803,675.7923059839914,2026-08-23 07:51:56.411610
3.8456023482719486,0.31578310363398404,25.526244565697986,medium,1.2301068621074167,451.1289683308787,2026-08-23 07:52:56.411610
3.8100650866882027,0.4020539404270235,22.946664378839554,light,1.5514070748511288,369.55250805958536,2026-08-23 07:53:56.411610
3.8308897528344,0.21956573386750178,23.676798173662927,heavy,0.8802605169784234,658.4569747799789,2026-08-23 07:54:56.411610
3.833094706054299,0.15558202016866715,24.304086003457943,idle,0.6020644963186017,1380.9163317884727,2026-08-23 07:55:56.411610
3.8593938147427136,0.37615561520782526,24.887814628655974,medium,1.4737573975229266,375.28102527626413,2026-08-23 07:56:56.411610
3.886181141790546,0.179813683961633,22.385159400464847,idle,0.78194950634612,1200.227312962053,2026-08-23 07:57:56.411610
3.878401629013957,0.07664366062978042,23.829999936734236,heavy,0.2966104399686819,1869.1791526686516,2026-08-23 07:58:56.411610
3.922583058641673,0.08371889069175106,24.06056399073691,idle,0.3443119273499699,2576.956554123155,2026-08-23 07:59:56.411610
3.9034011458542537,0.24372011308899608,23.729497580224162,idle,0.9441646482173126,890.474996247196,2026-08-23 08:00:56.411610
3.931649660583104,0.06993439728859124,23.474555285494983,heavy,0.2601728288599908,2060.376587666056,2026-08-23 08:01:56.411610
3.9175353356853186,0.30050695915537756,22.40055843785284,heavy,1.2179262491659384,485.4566538666004,2026-08-23 08:02:56.411610
3.940774672897048,0.18038983503283357,22.210858046931456,heavy,0.6892130945942616,799.3279419969065,2026-08-23 08:03:56.411610
3.948428054049746,0.031152597930847903,21.27734048396509,medium,0.13934582106013152,4622.669932037511,2026-08-23 08:04:56.411610
3.979914582699053,0.3030985193431431,23.962469307568337,medium,1.2127541681969516,470.9084465742568,2026-08-23 08:05:56.411610
3.9927383225422024,0.4356420032413429,22.88667809626998,medium,1.7062289112585245,327.87068409603484,2026-08-23 08:06:56.411610
4.014498295930891,0.031082416764563775,22.563601556122684,idle,0.22391815824221345,6944.981119201241,2026-08-23 08:07:56.411610
4.041379627954787,0.002439858934129513,26.133530278054604,medium,-0.014017897808276466,14398.353171430981,2026-08-23 08:08:56.411610
4.043332440968246,0.3183126250176146,21.036386599663885,medium,1.2766571951068202,449.5984816210642,2026-08-23 08:09:56.411610
3.98301030637331,0.022890307200613913,24.00808330178493,idle,0.105907198859981,9429.983051738318,2026-08-23 08:10:56.411610
4.030463819016042,0.30444952174396833,23.182967404776765,idle,1.2371623730529817,712.7310933543807,2026-08-23 08:11:56.411610
4.062911460202714,0.4654509257488628,20.99090536396077,medium,1.922942918695981,315.18555776709024,2026-08-23 08:12:56.411610
4.021683560761423,0.13247519579156403,24.95924783881945,medium,0.51571075093776,1085.5904880922294,2026-08-23 08:13:56.411610
4.071104852523533,0.37026206115092775,24.011574169036194,idle,1.465371256623536,582.5916329939682,2026-08-23 08:14:56.411610
4.085193847655165,0.6012937900515116,21.00517849490327,idle,2.4201523002724303,362.8474282006827,2026-08-23 08:15:56.411610
4.092203030956712,0.6040474397627388,23.6172395880999,idle,2.464251378776562,363.3514963273173,2026-08-23 08:16:56.411610
4.10693672848089,0.10573265988353409,22.973971428044017,heavy,0.42700809358806613,1354.9357763839653,2026-08-23 08:17:56.411610
4.088094402068195,0.27144889313912357,22.414202978607353,medium,1.1508284377140654,532.8741681082292,2026-08-23 08:18:56.411610
4.101484319554982,0.3504318639182667,24.482451829745376,heavy,1.4008667379533275,424.3953500766304,2026-08-23 08:19:56.411610
4.120683371344254,0.05903350440125432,23.5692362961871,heavy,0.25510922065959063,2435.565146515637,2026-08-23 08:20:56.411610
4.115207050703314,0.6097214952164609,23.98352306126552,heavy,2.49388410964226,233.49032873388683,2026-08-23 08:21:56.411610
4.1345450411735545,0.3159674564851462,25.872705321475394,heavy,1.3747522709577946,466.81375038247376,2026-08-23 08:22:56.411610
4.152315284310314,0.46157258146840185,24.839661416378398,medium,1.9522727313750083,315.8079826108855,2026-08-23 08:23:56.411610
4.155663659958871,0.4915186231717321,22.544857515276323,idle,2.0277023552840516,435.7396136585583,2026-08-23 08:24:56.411610
4.131817254029891,0.3233724331898128,23.654953488171014,medium,1.2680359623917625,441.7562923556999,2026-08-23 08:25:56.411610
4.16216299498068,0.4760345703319845,20.360827957451146,light,1.9796461867385877,306.4513689549421,2026-08-23 08:26:56.411610
4.137050232475376,0.21429262995027074,23.62674177214062,medium,0.8800500893959546,670.7567281355929,2026-08-23 08:27:56.411610
4.189405723437517,0.2243281675110035,20.85497634347582,medium,0.9332887642515464,640.9511789360566,2026-08-23 08:28:56.411610
4.162119545297414,0.23947171587896968,21.07691560120994,heavy,1.0137840670162679,597.2629454047458,2026-08-23 08:29:56.411610
4.158595537158478,0.5769912834333109,25.676565147987493,medium,2.4801011988538053,244.5014943573307,2026-08-23 08:30:56.411610
4.1673033929988295,0.028632972910411447,23.403680700651538,idle,0.10458431313679525,7550.489904399934,2026-08-23 08:31:56.411610
4.202122490659632,0.3108864875515749,22.75571930230608,medium,1.2939418437930905,467.63449052414023,2026-08-23 08:32:56.411610
4.188248256752716,0.5113589983577698,21.56791114245371,heavy,2.17778345674347,280.4431733885056,2026-08-23 08:33:56.411610
4.1782756160595405,0.27150423073246277,23.14715127024078,light,1.1732649865116815,524.5051372635386,2026-08-23 08:34:56.411610
4.195784994875185,0.08825825413795352,23.468903696207462,idle,0.448398717848564,2442.0784614221575,2026-08-23 08:35:56.411610
4.188903240190938,0.5434620357942891,25.34884709974673,idle,2.3285618966846275,393.09003038286323,2026-08-23 08:36:56.411610
4.202470812982218,0.8678303840628852,22.56302676792023,medium,3.6569414987892492,157.5609686578844,2026-08-23 08:37:56.411610
4.1803979900752575,0.14291787746020224,21.769579713839516,idle,0.6336836787145818,1508.221320773452,2026-08-23 08:38:56.411610
4.183719668127491,0.6344433131758657,23.286205642774775,light,2.6655971725672964,232.21926430064713,2026-08-23 08:39:56.411610
4.210367147118978,0.4284678793404971,23.853122922452513,heavy,1.7171911829322741,338.8960055740683,2026-08-23 08:40:56.411610
4.1926191879007995,0.6467187088858263,23.335731397790493,heavy,2.7707841451914774,226.74518452932108,2026-08-23 08:41:56.411610
4.213793960330437,0.6121024270528117,23.747006440462552,medium,2.561932616420486,234.42061748690975,2026-08-23 08:42:56.411610
4.197266298139564,0.930693852453807,24.21482206381238,idle,3.8907094325359246,225.4257921889551,2026-08-23 08:43:56.411610
4.194854913296168,0.527243140199718,19.440721317602495,idle,2.28025648205784,411.31403505205185,2026-08-23 08:44:56.411610
4.192016041126296,0.48129789675155954,21.061979076915456,idle,1.9882717531648475,453.6285618527502,2026-08-23 08:45:56.411610
4.168445663919044,0.9355587645307668,21.765409449305327,heavy,3.8101300507731306,152.98343270209867,2026-08-23 08:46:56.411610
4.173322864168554,0.6563581074135413,24.195921844033695,heavy,2.7164789450910756,219.45404042932014,2026-08-23 08:47:56.411610
4.203511216431878,0.8526155188208184,22.35661484209627,medium,3.579577809084812,164.08458255262593,2026-08-23 08:48:56.411610
4.175235013159547,0.8916022749244474,21.42175997509271,medium,3.6544881865391323,162.15231981729295,2026-08-23 08:49:56.411610
4.154967377826735,0.5059837501565994,22.505954075159107,heavy,2.0643988426941093,281.37733421063206,2026-08-23 08:50:56.411610
4.183602733580818,0.9707655849571499,24.387777589551824,light,4.092031194549107,147.51977838766842,2026-08-23 08:51:56.411610
4.187950476418008,1.1109175411786314,20.92495994063369,medium,4.600445483185946,132.6289077414587,2026-08-23 08:52:56.411610
4.191871576677294,0.7565724022437885,22.763877551530502,idle,3.175694169704823,287.0159093156063,2026-08-23 08:53:56.411610
4.166413872296767,0.5845431335056007,24.082702535964557,idle,2.4438239297315607,366.0103032146803,2026-08-23 08:54:56.411610
4.147326051616611,0.6755532823025805,24.24264879981815,light,2.745361074480022,215.787255069038,2026-08-23 08:55:56.411610
4.1416116933951015,0.9527538026383013,23.206578511123492,heavy,3.9233692639130506,145.2399459943127,2026-08-23 08:56:56.411610
4.149249658642658,0.9534617132064829,26.377703480295743,heavy,3.901941912960851,153.73219249153482,2026-08-23 08:57:56.411610
4.149369164044603,1.0176760956138797,23.029630381496897,light,4.202948560568128,146.71057784902283,2026-08-23 08:58:56.411610
4.153106872976911,1.1563172060639135,24.144428677314483,idle,4.809261981897394,185.37900140685366,2026-08-23 08:59:56.411610
4.183187922882104,1.1851812389012628,19.516827067599234,medium,5.015650799988697,109.2138200672078,2026-08-23 09:00:56.411610
4.130949711312329,0.7141753949480389,22.075936679781748,medium,2.9737990048295866,199.44647750636298,2026-08-23 09:01:56.411610
4.135664498967316,0.7592471193392716,19.748053564853308,idle,3.1216013899271973,277.58635192268946,2026-08-23 09:02:56.411610
4.115073522950938,0.8104150142650305,22.757766601062475,idle,3.351060110843115,259.266085026782,2026-08-23 09:03:56.411610
4.1018850473951645,0.6264732614339608,23.752319351672718,light,2.532521081987259,235.56968616752945,2026-08-23 09:04:56.411610
4.1006768521311905,0.5372218326304232,24.465097620226754,light,2.2874855078370673,270.7438755947736,2026-08-23 09:05:56.411610
4.1065769579658715,0.9830934078812746,25.575178744612547,idle,4.02853257991733,221.85522977925595,2026-08-23 09:06:56.411610
4.029939224164641,1.0993094421585037,20.5387570805317,light,4.450752547314604,134.04293887537122,2026-08-23 09:07:56.411610
4.0824740168988045,0.5480014967172506,23.53320036105008,heavy,2.251721989113263,269.88416445761635,2026-08-23 09:08:56.411610
4.081841191724089,1.0663873520464795,22.306724332693243,medium,4.364135001308428,139.8716397823184,2026-08-23 09:09:56.411610
4.028591512085182,1.1462856271224302,21.32330064471936,light,4.689620595168016,126.3777744460599,2026-08-23 09:10:56.411610
4.035734843515626,1.0144560466148442,22.35570055366594,medium,4.146346472819202,142.93122995139242,2026-08-23 09:11:56.411610
4.031814098742411,0.8129668473358611,24.712025267200918,medium,3.3219584943215277,174.9287584967336,2026-08-23 09:12:56.411610
4.012253049688502,0.9387558516033263,22.600692351984684,idle,3.754745765766379,230.2080709262532,2026-08-23 09:13:56.411610
4.022222710444883,1.0025605847268748,23.316142265417966,medium,4.114993008172332,135.76375894184176,2026-08-23 09:14:56.411610
3.9839753950124597,0.9550478672155055,22.939898093205443,medium,3.7878975169538855,147.88009249766483,2026-08-23 09:15:56.411610
3.95715270863538,0.726232685231485,20.696673268769104,idle,2.881113429829314,291.5115452130398,2026-08-23 09:16:56.411610
3.9809134913204756,1.049411914756096,22.070345031895737,medium,4.202687461118969,137.31482338350293,2026-08-23 09:17:56.411610
4.006293243662943,1.1047585935121524,20.682462408024275,light,4.476978871807778,132.16999140933999,2026-08-23 09:18:56.411610
3.9264284863156576,1.0619905066203361,24.723302487254326,idle,4.167491734293897,209.20011871971286,2026-08-23 09:19:56.411610
3.9598710871480036,0.8640910658828709,23.479334290001248,idle,3.437899315974311,254.3363788143678,2026-08-23 09:20:56.411610
3.947474602486938,1.397697770517332,22.95552761462886,medium,5.541182853013663,97.29269659102776,2026-08-23 09:21:56.411610
3.911626741251592,1.1074063101481832,20.701258963658578,medium,4.286641122359649,130.4039133855774,2026-08-23 09:22:56.411610
3.9003533385190456,1.1639231104091434,23.85823219230693,idle,4.5260914628461535,189.59718372479776,2026-08-23 09:23:56.411610
3.8715461970182465,0.7220910188343592,20.525978545378205,idle,2.746842795312771,303.5161169939849,2026-08-23 09:24:56.411610
3.874780298298627,0.992478753880006,22.58178703862354,heavy,3.854962635994682,149.58736489230728,2026-08-23 09:25:56.411610
3.883979270045398,1.331690275174409,21.81089602826148,heavy,5.102610141477014,110.51282792710964,2026-08-23 09:26:56.411610
3.861148409550732,1.185383797906674,22.797412137822853,light,4.593001151997211,130.73967507027902,2026-08-23 09:27:56.411610
3.806357224081358,0.8081306009866946,23.837626650405788,light,3.07726548991288,178.46550006536498,2026-08-23 09:28:56.411610
3.797661788901627,0.9026253636735377,21.468099571929745,medium,3.3899548059135065,161.32706649547893,2026-08-23 09:29:56.411610
3.80188143710528,0.7838354232225522,24.64812922788751,heavy,2.9761816326500177,185.10756669308023,2026-08-23 09:30:56.411610
3.799892083116124,0.6973087185759643,22.512063162737427,heavy,2.6433919028061106,204.24357633460883,2026-08-23 09:31:56.411610
3.7157800428759584,0.5489892782329391,22.72385542177813,light,1.9857616986528195,269.00018315939946,2026-08-23 09:32:56.411610
3.7638881766337136,1.0559254266758427,21.07958473089974,idle,4.021464604799276,208.54061740529804,2026-08-23 09:33:56.411610
3.7174571819094715,1.1968471236173799,23.198124466329038,light,4.440312205775046,121.53506774224203,2026-08-23 09:34:56.411610
3.74123372583045,1.0247971599607524,22.291203585538728,medium,3.8857215934756724,142.6865082174783,2026-08-23 09:35:56.411610
3.719480622941158,1.2666793121773272,24.079217255324245,light,4.71447931902475,118.66409202182312,2026-08-23 09:36:56.411610
3.7114597948824586,1.080347113915718,25.338878841482217,light,4.066448441732359,129.78999686783254,2026-08-23 09:37:56.411610
3.7061107234174524,1.0713086377933898,21.502198179439667,light,3.948125819234322,130.93366109933024,2026-08-23 09:38:56.411610
3.6598202911937134,0.8160569602879215,19.737332054769663,heavy,3.018140114843615,167.05589612670838,2026-08-23 09:39:56.411610
3.6225167478592324,0.7739565719664561,23.525248873326493,heavy,2.8033679758553736,183.1134272356397,2026-08-23 09:40:56.411610
3.619691730425831,0.725599889031407,21.742664496802306,light,2.633382297086578,197.26814044436398,2026-08-23 09:41:56.411610
3.622225297356906,1.1165642595181846,20.499295813492665,idle,4.005952576369509,193.86739450518994,2026-08-23 09:42:56.411610
3.5516182647897594,0.8670855097590631,19.947593592750952,light,3.1068423564987957,169.85734597833527,2026-08-23 09:43:56.411610
3.5659018639821762,0.968267730303174,21.228709008001193,medium,3.403655409488495,157.87981019619104,2026-08-23 09:44:56.411610
3.6001502204093616,0.8206318279451722,21.665038372409924,medium,3.0258287023283317,173.34881463855368,2026-08-23 09:45:56.411610
3.52491749911445,0.9590950316969187,23.314019362197648,idle,3.35831480510982,222.7028935787061,2026-08-23 09:46:56.411610
3.5031734748779493,1.008659007627856,21.014356549265344,heavy,3.470602409353686,141.73971972401904,2026-08-23 09:47:56.411610
3.4757860458939693,1.142451954557425,20.826562746588497,medium,3.939883737542989,126.79184313562881,2026-08-23 09:48:56.411610
3.48050508608108,1.012671195733444,24.164973102862263,idle,3.510275095035194,221.7297512356359,2026-08-23 09:49:56.411610
3.4511035821051723,0.679356378565298,22.294539174753194,idle,2.282184158378441,325.4966428303634,2026-08-23 09:50:56.411610
3.4042928601075806,0.6625261722802589,22.552006550573417,light,2.2635537593517228,217.81983578902754,2026-08-23 09:51:56.411610
3.4349164603986853,0.9005737530635399,22.250500767373616,light,3.0510735632651858,167.47747296521825,2026-08-23 09:52:56.411610
3.4024981729321415,1.137422498067452,23.065508130320037,idle,3.8442829888641197,186.71955770106797,2026-08-23 09:53:56.411610
3.406033926532109,0.5420681360607982,21.460211324507355,idle,1.856285264881229,396.2078612592643,2026-08-23 09:54:56.411610
3.363798180671568,1.1128345214716082,20.757683120327435,heavy,3.7093345933593977,124.99613831618869,2026-08-23 09:55:56.411610
3.3682003121280317,0.5453323532207235,21.303932610160473,heavy,1.8417839420226052,262.01573272877675,2026-08-23 09:56:56.411610
3.3585981838551247,0.7325212405101171,20.60702002915223,medium,2.474607913664165,196.63848128468905,2026-08-23 09:57:56.411610
3.315961193901065,0.8650521630026083,22.59363033941911,heavy,2.8352428464307478,174.04298001922092,2026-08-23 09:58:56.411610
3.300285409614423,0.8880464843792728,22.57084322901535,heavy,2.9737490783781144,167.17557234135666,2026-08-23 09:59:56.411610
3.2800259840222212,0.6829154523607082,21.089689657841905,heavy,2.2260300505382413,205.52840164630604,2026-08-23 10:00:56.411610
3.255851296461523,0.6255051424379549,21.738169288915145,light,2.1156120613508866,228.29881120912864,2026-08-23 10:01:56.411610
3.262145419291187,0.9194317120211988,21.31172935351944,heavy,2.9906285362456337,156.5173602326955,2026-08-23 10:02:56.411610
3.2381520381040896,0.7891010506912965,21.7155788774819,light,2.537923556473469,183.21984610192212,2026-08-23 10:03:56.411610
3.1931896508844675,0.5094968909254673,23.21557213958078,light,1.693051015421385,291.7184074410574,2026-08-23 10:04:56.411610
3.203591921912052,0.39329617100276343,21.39432742985067,light,1.2729364047359035,356.91500021232883,2026-08-23 10:05:56.411610
3.1673094512109587,0.6561769362775468,20.833613845531197,heavy,2.1148962674822624,226.246854875754,2026-08-23 10:06:56.411610
3.155763728686337,0.22099367218694121,21.781349472406877,medium,0.6541228289990517,650.2955252340848,2026-08-23 10:07:56.411610
3.138616749624811,0.5599176790151917,20.74841361927133,idle,1.852552396256118,389.81478486171534,2026-08-23 10:08:56.411610
3.1209431244699006,0.4608226676617262,23.387199748131522,heavy,1.4612758278282445,304.11327625768087,2026-08-23 10:09:56.411610
3.134886570238925,0.7690327632289874,24.584649338977115,light,2.4566778349821337,184.3898214441875,2026-08-23 10:10:56.411610
3.090746041040321,0.4216792916795915,20.102036549176045,heavy,1.299396833541086,349.9463737233589,2026-08-23 10:11:56.411610
3.0811740869188906,0.6942542022389161,23.1862757478744,idle,2.0923173187086412,305.69563331573,2026-08-23 10:12:56.411610
3.082529567260654,0.6065324015161458,19.430807413964587,heavy,1.8826477153866863,233.84094362189077,2026-08-23 10:13:56.411610
3.0476653791398576,0.46878143415137996,19.2576773239781,heavy,1.4445549037363532,312.26640877676806,2026-08-23 10:14:56.411610
3.0036564664494554,0.6088874133884338,18.6781851561427,light,1.8924182600187447,232.568552515014,2026-08-23 10:15:56.411610
3.0154859786041652,0.5933442162728011,19.604703142433056,idle,1.6859407779549396,366.8173875770637,2026-08-23 10:16:56.411610
3.0,0.8146971055311998,19.155832021236858,light,2.441635438622233,178.99802637313172,2026-08-23 10:17:56.411610
3.0,0.5416844392643596,20.195208391683963,light,1.5492702026089018,253.32475122783518,2026-08-23 10:18:56.411610
3.0,0.47028403747933334,18.408779540076278,light,1.4050678957607647,298.9580914446419,2026-08-23 10:19:56.411610
3.0,0.33120971988472947,20.055695318945013,idle,1.0092640272892672,651.1051336500401,2026-08-23 10:20:56.411610
3.0,0.40492023148413114,21.278119176083273,medium,1.1105673407994079,349.4247899957878,2026-08-23 10:21:56.411610
3.0,0.5839423119375299,18.24415768999242,medium,1.800498550729188,244.99537842725255,2026-08-23 10:22:56.411610
3.0,0.6401085632371819,21.446912873149124,medium,1.902151574482465,228.09872518919943,2026-08-23 10:23:56.411610
3.0,0.7564318224056674,19.8968748967813,light,2.280754869139389,192.5238211948389,2026-08-23 10:24:56.411610
3.0,0.42114742075927036,24.523664161187522,heavy,1.2438404757847783,339.81409158735994,2026-08-23 10:25:56.411610
3.0,0.6455178949578806,21.693561124707525,medium,1.9011813568160594,215.47674998869795,2026-08-23 10:26:56.411610
3.0,0.2838292236752513,18.4478074461626,medium,0.9144145327183254,508.3858216566813,2026-08-23 10:27:56.411610
3.0,0.5848444100769921,19.076369807338978,idle,1.7382968448724616,374.6830285220512,2026-08-23 10:28:56.411610
3.0,0.603450127241616,21.78993678876917,light,1.817757078641219,238.51978393495932,2026-08-23 10:29:56.411610
3.0,0.7276978962769693,18.8607844727501,idle,2.1918956884620173,301.9861693522707,2026-08-23 10:30:56.411610
3.0,0.40739254670694786,19.926745401625165,light,1.2034163957653594,347.08221111130894,2026-08-23 10:31:56.411610
3.0,0.4847909352550793,19.522549559631074,idle,1.560142173515544,443.3047188155719,2026-08-23 10:32:56.411610
3.0,0.25272658885781496,19.89893538156517,medium,0.7323902597069359,565.7791596384026,2026-08-23 10:33:56.411610
3.0,0.2205565311833741,21.161754196304326,light,0.6169095184877119,663.7738270324535,2026-08-23 10:34:56.411610
3.0,0.03370303752313247,18.71216609977394,light,0.08233199022107704,4273.779169857521,2026-08-23 10:35:56.411610
3.0,0.4088179331775473,20.652906888550934,light,1.2534267227031362,346.9164621848221,2026-08-23 10:36:56.411610
3.0,0.4315579572327312,18.650729565567318,light,1.2309178601313244,331.78272450433604,2026-08-23 10:37:56.411610
3.0,0.296076607307761,21.110395085091668,idle,0.8515070539150762,737.0370337992625,2026-08-23 10:38:56.411610
3.0,0.3736722206794874,23.67979209939653,heavy,1.1276619145389375,387.3204201529443,2026-08-23 10:39:56.411610
3.0,0.490900076018197,19.789134993745343,medium,1.4581064806292243,299.27478513685213,2026-08-23 10:40:56.411610
3.0,0.3731883057238722,18.675773648436778,medium,1.089950051093362,388.13734932669956,2026-08-23 10:41:56.411610
3.0,0.017886777868230452,19.910215001294375,heavy,0.07511722550399666,8047.132464061927,2026-08-23 10:42:56.411610
3.0,0.12141640527906145,18.664145447122344,medium,0.3940027368804653,1189.3130223395315,2026-08-23 10:43:56.411610
3.0,0.40574553732691115,21.514908182717758,light,1.2111210177471385,358.7951658186463,2026-08-23 10:44:56.411610
3.0,0.012392291456091997,18.845164253239425,light,-0.010373235831272427,11620.821965257217,2026-08-23 10:45:56.411610
3.0,0.12238827726937518,20.374879732107523,medium,0.373859203686846,1187.1894933633569,2026-08-23 10:46:56.411610
3.0,0.31491038828099344,21.88377714721118,heavy,0.9638156635851787,461.9641284909157,2026-08-23 10:47:56.411610
3.0,0.09377907325529133,21.53606425370196,light,0.3408535721343533,1535.4426753570829,2026-08-23 10:48:56.411610
3.0,0.15924140320396152,19.549050762764356,light,0.4271972356267927,903.1953889903813,2026-08-23 10:49:56.411610
3.0,0.1984804008844527,19.749189500482807,heavy,0.5350421016571744,716.2283195094257,2026-08-23 10:50:56.411610
3.0,0.09861796952799795,23.342474750976415,light,0.31883668665105774,1459.6840474760972,2026-08-23 10:51:56.411610
3.0,0.2361602632182975,20.535403884323774,light,0.6442500471389857,612.1361358937854,2026-08-23 10:52:56.411610
3.0,0.17875214766044323,22.051150074455354,idle,0.5568746232991835,1203.4222524922056,2026-08-23 10:53:56.411610
3.0,0.5527282464024863,19.198775530203104,idle,1.6249392782254692,385.361796755661,2026-08-23 10:54:56.411610
3.0,0.3382725036781286,20.1891711121363,light,1.0809246361093026,423.4296530359778,2026-08-23 10:55:56.411610
3.0,0.4188829907477098,17.110024461957796,heavy,1.2243056819632114,347.2073272786693,2026-08-23 10:56:56.411610
3.0,0.34925684498937004,20.93624862179537,idle,1.0748123620456052,617.5512535291047,2026-08-23 10:57:56.411610
3.0,0.48592920627530856,20.006219176447107,idle,1.4195891253247328,438.75259735951784,2026-08-23 10:58:56.411610
3.0,0.5619642161808065,20.888020100094643,heavy,1.687265287525958,254.22827932194934,2026-08-23 10:59:56.411610
3.0,0.23840680674272932,21.628628258670233,light,0.6888159200313874,595.1583465208499,2026-08-23 11:00:56.411610
3.0,0.14970544907327932,19.15888064163697,heavy,0.4032149512801944,966.030092474613,2026-08-23 11:01:56.411610
3.0,0.04478458625317594,22.961832154770907,heavy,0.07098357957303499,3212.058154742288,2026-08-23 11:02:56.411610
3.0,0.10395986845285982,22.580119640767954,light,0.24407932532923307,1377.4622979247447,2026-08-23 11:03:56.411610
3.0,0.06879844502552823,20.088117280275394,light,0.175866028439388,2093.48183909114,2026-08-23 11:04:56.411610
3.0,0.34715269815353966,19.36067807609277,idle,1.1582468138791169,623.8022162495718,2026-08-23 11:05:56.411610
3.0,0.37535691832430024,23.084604258209207,idle,1.0466546058987347,574.7929862027354,2026-08-23 11:06:56.411610
3.0,0.4621808487931545,23.038480356294652,light,1.3433970780076565,305.8105078281335,2026-08-23 11:07:56.411610
3.0,0.015020882126652702,22.182899763181283,idle,-0.0013365949698462692,14376.133087781138,2026-08-23 11:08:56.411610
3.0,0.12698128977897927,19.39236725306444,light,0.3858354960803956,1135.2882970584585,2026-08-23 11:09:56.411610
3.0,0.032289058513879226,19.786650923423476,idle,0.1332391869447272,6698.06201162408,2026-08-23 11:10:56.411610
3.0,0.21064569050891488,19.397023929712418,medium,0.6607108045942632,691.6432941979072,2026-08-23 11:11:56.411610
3.0,0.3628304281053524,21.224121629561523,heavy,1.0333387876674247,400.9959780446775,2026-08-23 11:12:56.411610
3.0,0.26707826929685274,18.198607373628043,medium,0.8175224435568994,534.6056997239524,2026-08-23 11:13:56.411610
3.0,0.11174259179221348,22.221434227766075,light,0.33645859099000786,1284.07211318391,2026-08-23 11:14:56.411610
3.0,0.1734238272847686,20.8905107587097,heavy,0.5269301858247296,838.9010884292319,2026-08-23 11:15:56.411610
3.0,0.2555099438727947,21.6826576610107,idle,0.7730960832950262,843.917552870943,2026-08-23 11:16:56.411610
3.0,0.18033687021546724,20.243335604270936,light,0.6599419774969659,788.6784302226922,2026-08-23 11:17:56.411610
3.0,0.28942317676747803,17.256634501961106,idle,0.8944691504124234,750.7247314807936,2026-08-23 11:18:56.411610
3.0,0.4850789956309929,20.562043873004175,idle,1.4489994906403245,445.2547516666869,2026-08-23 11:19:56.411610
3.0,0.23168218917276578,21.42149872386144,heavy,0.6908249253064883,614.3068724993673,2026-08-23 11:20:56.411610
3.0,0.11363250670859826,18.068535832696274,medium,0.3663635305585405,1260.2852807276888,2026-08-23 11:21:56.411610
3.0,0.0011185477093965668,21.134638202577815,idle,0.06372377359613225,21595.89122084591,2026-08-23 11:22:56.411610
3.0,0.45092753842789757,19.682987062530035,idle,1.4073712189390626,478.38925122466236,2026-08-23 11:23:56.411610
3.0,0.43476521589903716,20.184400340765663,medium,1.3340428284604275,339.6731867501998,2026-08-23 11:24:56.411610
3.0,0.22071780748955847,22.20517950695485,heavy,0.6589013531521443,656.8768385296507,2026-08-23 11:25:56.411610
3.0,0.06454454851000013,18.580674254577147,heavy,0.2547846548264643,2226.9540162958356,2026-08-23 11:26:56.411610
3.0,0.3175864719181735,21.763058586722224,idle,0.9640760004296761,677.8182664401128,2026-08-23 11:27:56.411610
3.0,0.24071741817764508,21.352628821534438,idle,0.6431950847022722,903.0520923200562,2026-08-23 11:28:56.411610
3.0,0.5716169724374867,20.03781072433661,idle,1.643226447995081,373.56822774432743,2026-08-23 11:29:56.411610
3.0,0.5429620901852039,19.327031451528992,idle,1.6205281020177416,405.08134349655097,2026-08-23 11:30:56.411610
3.0,0.48881068035410224,20.054374252932103,light,1.4660126090342354,301.3090636618211,2026-08-23 11:31:56.411610
3.0,0.528511142004737,18.655512302859414,heavy,1.6477419524165098,265.98514934755013,2026-08-23 11:32:56.411610
3.0,0.7790471257870926,19.680370513433243,medium,2.3307263693270146,189.44118313846212,2026-08-23 11:33:56.411610
3.0,0.8029320373443953,21.81476954575725,idle,2.380285502431016,272.4540078581967,2026-08-23 11:34:56.411610
3.0,0.43014635588272615,20.34392903978051,idle,1.2712568934212716,507.54519927398997,2026-08-23 11:35:56.411610
3.0,0.6282541976974293,19.029909964303634,heavy,1.8634996615937292,231.76251656072228,2026-08-23 11:36:56.411610
3.0,0.19655992824400792,20.1903075521429,heavy,0.5416127561280722,733.5144944020869,2026-08-23 11:37:56.411610
3.0,0.3546567687644095,18.500774565461043,idle,1.1024310828903856,609.195727444659,2026-08-23 11:38:56.411610
3.0,0.8653352038102213,18.746098483863012,medium,2.6250154048719874,174.32324895203857,2026-08-23 11:39:56.411610
3.0,0.3408866919948683,19.79638992419546,idle,1.091203352940024,630.5191422931418,2026-08-23 11:40:56.411610
3.0,0.30737510649497135,21.679492024351436,heavy,0.9506619164278635,465.01310642842,2026-08-23 11:41:56.411610
3.0,0.8809723405416929,18.836874763268042,idle,2.587505562594123,247.7940787078432,2026-08-23 11:42:56.411610
3.0,0.6935309836226758,19.276036716978453,medium,2.1432450177190976,208.10392435706743,2026-08-23 11:43:56.411610
3.0,0.37000613386054154,20.943893309907246,medium,1.1098218307967844,382.9496393603894,2026-08-23 11:44:56.411610
3.0,0.6580116455804561,21.872798940952123,medium,2.0535018741724027,218.2718216698814,2026-08-23 11:45:56.411610
3.0,0.1887787663086275,20.066993529780778,light,0.5610495427095783,765.2858345714106,2026-08-23 11:46:56.411610
3.0,0.7311087167050343,21.69078180723273,medium,2.1634468053573137,187.9629957441575,2026-08-23 11:47:56.411610
3.0,0.5245366364431704,21.03525219892063,medium,1.5729509812211895,280.8424853973076,2026-08-23 11:48:56.411610
3.0,0.7805533103952715,20.863693639795198,idle,2.327224484360188,269.9434820785192,2026-08-23 11:49:56.411610
3.0,0.8320835089518503,20.102733231451182,idle,2.5271008555868866,261.7152230560424,2026-08-23 11:50:56.411610
3.0,0.5610306822745511,19.203756653593466,heavy,1.7330720150661127,255.30302787244662,2026-08-23 11:51:56.411610
3.0,0.7609525814300777,17.99374704476281,idle,2.276467955656988,277.5760233379541,2026-08-23 11:52:56.411610
3.0,0.8621167134642248,19.58655622829677,idle,2.617740035896357,244.11065636239647,2026-08-23 11:53:56.411610
3.0,0.6794083461790259,17.173952323000794,idle,2.059005520351772,322.93883623925166,2026-08-23 11:54:56.411610
3.0,0.8432882215447949,16.87375871885228,idle,2.5071357329582904,252.20258460930825,2026-08-23 11:55:56.411610
3.0,0.28170694962785675,21.098555359012437,light,0.8303228847288829,513.3284755516033,2026-08-23 11:56:56.411610
3.0,0.7372964321058404,19.195265019629325,medium,2.1786236062654334,196.3381710745852,2026-08-23 11:57:56.411610
3.0,0.5127549791344712,20.35828336502209,medium,1.5761238429398814,279.60067784986114,2026-08-23 11:58:56.411610
3.0,0.8814042231191772,21.954066364182864,medium,2.619154376310975,162.90398538080282,2026-08-23 11:59:56.411610
3.0,0.8938488695576277,19.95127889106721,idle,2.7337384035583994,240.55304674263797,2026-08-23 12:00:56.411610
3.0,0.765847645872787,19.36248571942534,idle,2.2561181025040997,286.4582267045325,2026-08-23 12:01:56.411610
3.0,1.0370582169031421,19.143439541518596,heavy,3.155699287617889,142.74264842875647,2026-08-23 12:02:56.411610
3.0,0.9384129544340675,20.465761287834624,medium,2.832230629617622,152.900298478771,2026-08-23 12:03:56.411610
3.0,0.9738650469149139,18.59148548143024,light,2.957955283612829,146.65099733800022,2026-08-23 12:04:56.411610
3.0,0.9118504992043084,21.877301962264895,heavy,2.7952215524635107,151.20392399017894,2026-08-23 12:05:56.411610
3.0,1.1465797080953766,18.502585749203018,heavy,3.435381864210926,134.6413166827853,2026-08-23 12:06:56.411610
3.0,0.5063010429337486,20.065839338028635,heavy,1.4318754524739903,286.2503966110064,2026-08-23 12:07:56.411610
3.0,0.8970615893089164,19.38751483567697,medium,2.7745365951285184,156.20801940640717,2026-08-23 12:08:56.411610
3.0,0.816355871558712,20.477416136183546,light,2.437809259952165,173.82057867442413,2026-08-23 12:09:56.411610
3.0,1.054591215710992,20.87342178573667,idle,3.153713289824438,204.08330706241466,2026-08-23 12:10:56.411610
3.0,0.9561052559336356,20.22140374381441,heavy,2.909994735712684,147.95854068657053,2026-08-23 12:11:56.411610
3.0,0.9615230825753688,18.91319108307632,medium,2.8631772096150447,143.347556382874,2026-08-23 12:12:56.411610
3.0,0.9905393019968789,19.5343310574742,heavy,2.9894007026284504,138.08775160693622,2026-08-23 12:13:56.411610
3.0,0.8870496843240633,18.55070903272095,heavy,2.672379021906615,156.84270536748397,2026-08-23 12:14:56.411610
3.0,0.9876406608956859,20.70765053326215,heavy,2.9380680758551123,145.7820752820524,2026-08-23 12:15:56.411610
3.0,0.7829644458947045,21.38857184438952,heavy,2.412400052660103,186.3119145413521,2026-08-23 12:16:56.411610
3.0,0.5023939933064316,19.651908380345116,heavy,1.5334307960191684,290.1485277236757,2026-08-23 12:17:56.411610
3.0,0.7573277970358698,20.683137353926526,medium,2.2937835879099224,184.2992567069468,2026-08-23 12:18:56.411610
3.0,0.9568395765420071,18.276355438029928,medium,2.8535388036085823,156.9804645050488,2026-08-23 12:19:56.411610
3.0,1.032154709886274,18.793820674925772,heavy,3.098497828949102,136.89463987645857,2026-08-23 12:20:56.411610
3.051323864337822,0.7030344141327052,17.1964172789539,heavy,2.079834715599418,206.96558234864028,2026-08-23 12:21:56.411610
3.0669991983651133,1.134723708397591,20.652962558425205,medium,3.5110400910624096,121.86912785057328,2026-08-23 12:22:56.411610
3.065685590653853,1.109327781087452,18.520883888688193,medium,3.437251552841178,127.72692162696481,2026-08-23 12:23:56.411610
3.0968585493418592,0.9433940646588002,22.987584165595177,light,2.988041116933087,161.14409250677804,2026-08-23 12:24:56.411610
3.0770748938508867,0.9932564658421017,22.50159846543305,idle,3.1002377519647273,211.10497338247913,2026-08-23 12:25:56.411610
3.112739157926584,0.9346799376818735,20.671127205303353,medium,2.858413895661777,156.18165969924522,2026-08-23 12:26:56.411610
3.111270757948105,1.0261573539881506,19.833026172073634,heavy,3.1829023268076067,144.84366858615093,2026-08-23 12:27:56.411610
3.1808843386707615,1.133412301564449,21.15784352626183,idle,3.587506330919649,190.69727224773584,2026-08-23 12:28:56.411610
3.1408450930529326,1.0160248823310063,22.078808616889944,light,3.273055479976526,141.22546637290696,2026-08-23 12:29:56.411610
3.177410880166741,0.8786410886256619,19.981247893151235,medium,2.7392429105616545,165.11984290951787,2026-08-23 12:30:56.411610
3.176629867257569,1.0999242224341246,20.372411753000744,idle,3.532233525980722,201.38420921065716,2026-08-23 12:31:56.411610
3.2241451875596256,0.8388654022468226,18.153802057842046,medium,2.7213471834636147,181.19772855164763,2026-08-23 12:32:56.411610
3.2527763812451838,0.8119085736792718,19.324596008329785,light,2.569239607437451,177.98321490836994,2026-08-23 12:33:56.411610
3.218563994155599,0.9865864856744286,20.458774897437575,heavy,3.199619199913722,139.6100705203024,2026-08-23 12:34:56.411610
3.260442365184232,0.8475818356121395,17.91924564976551,light,2.765721479172404,167.7347071010248,2026-08-23 12:35:56.411610
3.2663654612926676,1.168648518314134,19.05586545912964,idle,3.7794944031540187,189.66845763038813,2026-08-23 12:36:56.411610
3.308196803450904,0.7481314975456035,19.201471247880246,light,2.462135464606054,195.0202175360659,2026-08-23 12:37:56.411610
3.310511199146533,0.7480273480009314,19.022477190365766,heavy,2.4918383008489275,182.81316372243336,2026-08-23 12:38:56.411610
3.345600491945115,1.071047523948554,17.762539529219264,idle,3.5651957372367398,202.79863066339203,2026-08-23 12:39:56.411610
3.3667193068025583,1.3005450377849628,19.236977878914818,idle,4.346717002142368,155.11319221637055,2026-08-23 12:40:56.411610
3.381503441575231,0.8306025951505668,20.275987066325914,heavy,2.8095493867290653,171.34651965493418,2026-08-23 12:41:56.411610
3.430675098732891,1.0207614859695666,20.124650762554772,heavy,3.520188418664819,136.80444097121628,2026-08-23 12:42:56.411610
3.4333810232693023,1.065385051024227,21.101904718758284,medium,3.674985659573179,134.746612707494,2026-08-23 12:43:56.411610
3.466954599857208,1.1797122617230742,21.328660147370144,heavy,4.100018721523241,117.95859710885829,2026-08-23 12:44:56.411610
3.442115354289874,1.0263402732507245,21.17712573422389,heavy,3.574270166383662,136.33689617563962,2026-08-23 12:45:56.411610
3.4599763260824186,0.7891869301224661,19.66665641907803,medium,2.714961043201059,182.48796321712385,2026-08-23 12:46:56.411610
3.4705164969933024,0.6708181872644932,17.734262803224837,heavy,2.361631739946079,225.33258300278337,2026-08-23 12:47:56.411610
3.533200866122736,0.915438908097298,22.42215823144509,medium,3.158659902671117,155.56059387727393,2026-08-23 12:48:56.411610
3.535024502857182,1.2274886408485726,18.717587913190393,light,4.3801730410238715,131.40594130374973,2026-08-23 12:49:56.411610
3.5328942735064834,0.9266765523671755,21.72346219704736,medium,3.2628344993385268,158.82939487172862,2026-08-23 12:50:56.411610
3.5336185126116355,0.9290911688128285,18.98087170186219,heavy,3.2814341248142647,158.1076965029137,2026-08-23 12:51:56.411610
3.590610355208803,0.726020857118068,24.563926271025498,light,2.6212800634423905,189.9322980686915,2026-08-23 12:52:56.411610
3.56700161076856,1.2393733712931638,18.617773671506832,medium,4.429939260555405,114.62021216942615,2026-08-23 12:53:56.411610
3.6070172798902687,0.7262056796255427,20.537731965989902,medium,2.5173592953783253,193.20070414444345,2026-08-23 12:54:56.411610
3.60269123794942,1.0935232379868938,20.29698950474183,heavy,3.939078394425761,129.7750439824847,2026-08-23 12:55:56.411610
3.6417338162249497,1.0512999030236057,18.629180990178448,light,3.846355191889493,132.86862243730968,2026-08-23 12:56:56.411610
3.642103753079149,0.8471210455689856,19.36386258226943,heavy,3.0450141467932617,178.48673709281076,2026-08-23 12:57:56.411610
3.6691881625849163,0.838332338313766,20.226803864142234,heavy,3.0871419533277793,169.5170454855285,2026-08-23 12:58:56.411610
3.6838565869098097,0.6076343728714304,19.252859812470486,medium,2.250823354127272,249.6617391050029,2026-08-23 12:59:56.411610
3.708681371069247,0.761047525520575,18.79954468317979,medium,2.8170496474440125,191.5466141528326,2026-08-23 13:00:56.411610
3.7122891848720876,0.7095470142296677,21.134428609266774,light,2.5623363454940336,203.9500303292098,2026-08-23 13:01:56.411610
3.7097719130445586,0.6008967255266591,22.53691552502551,heavy,2.2926816022371765,238.3166141738473,2026-08-23 13:02:56.411610
3.732457328431258,0.890953349674846,19.050652215083762,idle,3.3197682880967805,243.76317349718343,2026-08-23 13:03:56.411610
3.7786356514974866,0.819955645516397,19.232904267874467,heavy,3.050547788768568,171.48889925973396,2026-08-23 13:04:56.411610
3.8274011917488453,0.9189884172548295,19.693075392956388,light,3.4788507375577424,155.03368170519616,2026-08-23 13:05:56.411610
3.8131247969480873,0.7384473123124784,20.049114825817636,heavy,2.828229574812399,192.261516190856,2026-08-23 13:06:56.411610
3.819685826805622,0.7407729612020828,19.271047700085617,light,2.7825988206969487,191.976948510214,2026-08-23 13:07:56.411610
3.865037579859535,1.0061748966378459,17.99819740068232,heavy,3.881791137630157,134.730358489816,2026-08-23 13:08:56.411610
3.8404699579091095,0.6024939411342005,20.44723209471513,idle,2.374203601024008,358.93086929378114,2026-08-23 13:09:56.411610
3.869648459370324,0.8753274798837359,22.50607838566261,idle,3.3925136617245957,245.7978669369065,2026-08-23 13:10:56.411610
3.8861504172607386,0.7646178406642342,19.56832814703938,idle,3.0057081466268083,284.99842943050504,2026-08-23 13:11:56.411610
3.895249046588675,0.7822941185590987,20.20404694264294,light,3.065016827616967,186.36886721905327,2026-08-23 13:12:56.411610
3.8932235435333884,1.125154890060084,19.34490421307585,idle,4.315098043600198,195.84903287377568,2026-08-23 13:13:56.411610
3.906383084855192,0.9263531038027236,22.823100547393974,heavy,3.592845609564155,158.41731033146823,2026-08-23 13:14:56.411610
3.9117617596621743,0.6986099745507106,21.02358228359483,medium,2.7163789367108873,201.58078314632544,2026-08-23 13:15:56.411610
3.9378486965598305,0.9268274435771675,20.27895743446845,idle,3.663600240148923,238.623493953764,2026-08-23 13:16:56.411610
3.935209837111614,0.7403501726632544,21.10160239527846,idle,2.9733672459673124,295.5184698600248,2026-08-23 13:17:56.411610
3.943971293826364,0.742928777133341,21.20300670314155,light,2.897040939473053,195.64421415397445,2026-08-23 13:18:56.411610
3.9874792669715773,0.702433802451006,18.91336224153942,idle,2.8361545993875468,308.03572821381124,2026-08-23 13:19:56.411610
3.996793151663321,0.6665959846215593,21.128069655565106,idle,2.6200389979295173,328.87237076357576,2026-08-23 13:20:56.411610
3.9855215221522706,0.4791206099127009,17.977195468287203,heavy,1.8134102650474346,295.81060510424595,2026-08-23 13:21:56.411610
3.980976016278448,0.379363865691079,21.770523851016552,heavy,1.4729624602957336,377.6814572725924,2026-08-23 13:22:56.411610
4.030133795600107,0.8140518853765545,21.770077151936544,heavy,3.272240266161232,169.04629207607772,2026-08-23 13:23:56.411610
4.024613959854702,1.0292342806716017,19.942302347961732,light,4.129305750697436,141.5265091615934,2026-08-23 13:24:56.411610
4.029460229715076,0.3827133987532534,21.262632303530093,medium,1.4997161755306192,364.7407834988212,2026-08-23 13:25:56.411610
4.030235132528599,0.17506841860165245,22.65972606025186,heavy,0.7954657298357716,816.0851378152184,2026-08-23 13:26:56.411610
4.022227201575123,0.6013254204780564,21.603920671136066,medium,2.50641120281567,242.51414952475363,2026-08-23 13:27:56.411610
4.0523444652168195,0.594855619867289,22.193651449596928,heavy,2.441268844845268,243.50575043735228,2026-08-23 13:28:56.411610
4.069472510356798,0.2993221540558827,22.85417168388746,medium,1.213123552375147,475.4341917648866,2026-08-23 13:29:56.411610
4.116264203148257,0.4462870453984964,20.65669161180341,idle,1.854337495737404,483.07108434017744,2026-08-23 13:30:56.411610
4.119777407213225,0.6555933751875971,19.27925902535548,heavy,2.708861860855241,220.66287787535475,2026-08-23 13:31:56.411610
4.081867563069237,0.015613010365346902,20.73427104919714,medium,0.18243521255148537,9231.71837112086,2026-08-23 13:32:56.411610
4.079029413521081,0.45789965579336206,19.6329245293941,idle,1.8152587367664044,460.80636673724155,2026-08-23 13:33:56.411610
4.143168723921809,0.549770311647395,19.93789914902241,idle,2.397420058389928,394.48618385014,2026-08-23 13:34:56.411610
4.1598239323212916,0.4099406229366674,19.599824361576545,light,1.7255955228299418,354.6161338743314,2026-08-23 13:35:56.411610
4.120082142792602,0.3726662948841719,20.56675332617773,light,1.556663490042899,379.63295349032603,2026-08-23 13:36:56.411610
4.144068884473684,0.49615471192701854,20.087852790071327,heavy,2.090637872168649,296.07491691136477,2026-08-23 13:37:56.411610
4.143319609081651,0.33846874827669826,20.52117161030598,light,1.3122349429414277,428.1299049713035,2026-08-23 13:38:56.411610
4.161338501530905,0.4262143150122783,19.520136614052472,heavy,1.8098704361514548,344.79763557519016,2026-08-23 13:39:56.411610
4.2019449972464,0.24271215629948886,22.257428918419688,idle,1.058291150443635,893.615361044601,2026-08-23 13:40:56.411610
4.136462947691213,0.514080540589153,20.65331598108651,light,2.1515394210087577,281.66044993909105,2026-08-23 13:41:56.411610
4.131741892302558,0.29249589540428433,21.25574658713498,idle,1.1721078312635405,743.1740496357722,2026-08-23 13:42:56.411610
4.170000952683846,0.3887642160842699,19.772196966776466,idle,1.7064215395026288,555.4085136496219,2026-08-23 13:43:56.411610
4.202540816017354,0.4206867471169977,18.69260179343051,heavy,1.7751227147726056,337.8881233038213,2026-08-23 13:44:56.411610
4.187262322310481,0.4569173700825977,20.476265645470036,light,1.9351989058568106,315.0489947421634,2026-08-23 13:45:56.411610
4.161520762812675,0.49333456427508676,19.63052707048301,heavy,2.062197422726002,290.9303708088389,2026-08-23 13:46:56.411610
4.1820706035152275,0.24033697423737385,19.35988881763845,heavy,1.0157825757154846,607.7090963382425,2026-08-23 13:47:56.411610
4.193968100190312,0.3429505329769897,20.4875726374618,idle,1.566024940194046,623.3610828132016,2026-08-23 13:48:56.411610
4.184928012496816,0.06382221093324131,19.58097450724277,medium,0.2670472352575612,2261.4793997536262,2026-08-23 13:49:56.411610
4.233278048411142,0.24877162798723457,19.776287727420886,heavy,1.0519110279960753,577.5308924316469,2026-08-23 13:50:56.411610
4.202717177279164,0.4971803608763072,23.799225484247398,medium,2.082308646137692,297.5269694141789,2026-08-23 13:51:56.411610
4.2152448949953145,0.5843082703427193,20.656510994655534,light,2.5392647277844906,253.815362229606,2026-08-23 13:52:56.411610
4.2201816226879405,0.35629638147248965,18.72257486997769,idle,1.4729130871053677,604.1914484900406,2026-08-23 13:53:56.411610
4.195861044155928,0.25381448792890726,21.787717442903528,heavy,1.1203884353505824,563.9431254097636,2026-08-23 13:54:56.411610
4.187027514893218,0.3328741711228503,21.522186189103575,idle,1.4546455874076192,649.9987704640556,2026-08-23 13:55:56.411610
4.191059231380882,0.1629893236189291,16.925700000033245,idle,0.6755353095308037,1327.5290682140205,2026-08-23 13:56:56.411610
4.173615436162824,0.17202583505296543,20.686642831513446,idle,0.7751300894327099,1249.9809821126735,2026-08-23 13:57:56.411610
4.195849934112766,0.2568499848381029,20.83768024797667,idle,1.184126484780235,837.0118138153149,2026-08-23 13:58:56.411610
4.171701463483623,0.11230883774882064,21.43167984391379,idle,0.5431814154772016,1928.7365367181767,2026-08-23 13:59:56.411610
4.19656087353296,0.18145806072126197,19.76395236812806,idle,0.8441329080321451,1183.9818572767706,2026-08-23 14:00:56.411610
4.179999220928171,0.33079094194597086,20.717624220100614,heavy,1.380848813066694,431.92532473813407,2026-08-23 14:01:56.411610
4.186126684519804,0.00015918556844124465,20.99436305632118,heavy,0.051588660787688076,14398.328145760532,2026-08-23 14:02:56.411610
4.180770911135772,0.2045040167820573,21.120914313191765,medium,0.8692758040296082,708.4171642655448,2026-08-23 14:03:56.411610
4.194295310812513,0.06883344156730989,18.109680884995974,heavy,0.24714905602239765,2089.856540412775,2026-08-23 14:04:56.411610
4.140699603420509,0.08897601386640058,22.25352226544912,light,0.5405506014668422,1616.6694912695098,2026-08-23 14:05:56.411610
4.169817607420558,0.1746741052876165,19.25175474322246,light,0.7235496767182273,826.9868845724866,2026-08-23 14:06:56.411610
4.146163650579017,0.09968212043376984,18.433397690378783,heavy,0.4331712886790207,1444.7265620551357,2026-08-23 14:07:56.411610
4.179749246590655,0.2556751431460752,21.819616330683154,medium,1.071633863346774,566.8877734158698,2026-08-23 14:08:56.411610
4.167500786296474,0.5099650542325915,20.97115378178965,light,2.1908060124265756,284.33547759392593,2026-08-23 14:09:56.411610
4.121012967064186,0.302509483194872,21.22576061952004,heavy,1.2711706139734924,472.89601253959063,2026-08-23 14:10:56.411610
4.1545989086843855,0.04610625007020924,21.12388415184354,light,0.2306148957164032,3127.059100946199,2026-08-23 14:11:56.411610
4.167594503339861,0.283836550669252,20.780145356317377,light,1.2000385851496171,504.79427180320346,2026-08-23 14:12:56.411610
4.164183886372069,0.1862825553226404,20.172229428819545,medium,0.8649904909280759,764.7019260085694,2026-08-23 14:13:56.411610
4.118580232723869,0.027186014118344093,20.64226944201519,heavy,0.0744517198657278,5289.4716210992665,2026-08-23 14:14:56.411610
4.123245469176203,0.2846603481628713,18.83817040206707,medium,1.1654795363439732,507.7484758256995,2026-08-23 14:15:56.411610
4.1240649222259185,0.16387908867225737,21.70596605045993,idle,0.6925832112018295,1317.3638985959917,2026-08-23 14:16:56.411610
4.107762977011004,0.33173095817732,18.575722053490743,light,1.3747895762211007,439.3527730600733,2026-08-23 14:17:56.411610
4.10911219540168,0.33609175252599427,20.234040226018013,heavy,1.376468096838199,427.83072840542627,2026-08-23 14:18:56.411610
4.145541192754641,0.30145278469209436,23.638720995411326,light,1.2056231128283805,486.64938922442025,2026-08-23 14:19:56.411610
4.094492828542711,0.2688362978931159,22.53855376534492,light,1.105517551605295,531.5678487084654,2026-08-23 14:20:56.411610
4.111352547294544,0.4923387324676874,21.331032313736774,medium,1.906029548515217,294.27857533867166,2026-08-23 14:21:56.411610
4.075535856598074,0.23485983878808336,20.847710975453417,heavy,0.9130120728216398,614.9059584403059,2026-08-23 14:22:56.411610
4.050118970144371,0.0015379714204729056,21.499435609523502,light,-0.04715897578733585,14396.763895478167,2026-08-23 14:23:56.411610
4.061936773586834,0.2961956389925902,20.877446310290665,light,1.2071917023308643,488.6739982275038,2026-08-23 14:24:56.411610
4.017498991321967,0.08293385597609143,19.199094537349566,heavy,0.25541121715115095,1739.7480680763322,2026-08-23 14:25:56.411610
4.022802286128585,0.2527554871948806,19.294946926705233,medium,1.0454661295923662,572.2620910980127,2026-08-23 14:26:56.411610
4.031715997358556,0.32407698471785507,23.147723576438654,heavy,1.3859935596002875,440.67373776927303,2026-08-23 14:27:56.411610
4.022339141251578,0.01672867752472118,19.338235037230117,heavy,0.12569038964706478,8612.41340072781,2026-08-23 14:28:56.411610
3.935203412342939,0.2917304172441158,20.141143778422226,light,1.263056684892152,488.93072714275274,2026-08-23 14:29:56.411610
4.022450357966681,0.11693700808953719,18.710928680889676,medium,0.3596999338906587,1230.0379265163856,2026-08-23 14:30:56.411610
3.992730803094749,0.6122202895942809,20.216531651097853,light,2.4125938164603316,236.5942469030026,2026-08-23 14:31:56.411610
3.9845502772571044,0.2939715250605566,18.93944011001174,heavy,1.3004759553492238,480.84872103507286,2026-08-23 14:32:56.411610
3.9552288326064513,0.47542671283455296,20.599954571409793,idle,1.8862403158531336,449.3365524745581,2026-08-23 14:33:56.411610
3.931101016202852,0.019773776201573112,22.126060787843826,idle,0.050085193116908525,10926.830112781492,2026-08-23 14:34:56.411610
3.8868611210296344,0.11304994291066339,20.1486567449811,idle,0.45140694847179635,1905.9669673301578,2026-08-23 14:35:56.411610
3.8765333937969992,0.3642238835414205,21.090976159146344,light,1.3262847321396016,402.940477494356,2026-08-23 14:36:56.411610
3.9102656993305223,0.6000924741707327,20.74077423443571,medium,2.300781114174999,230.34892346244047,2026-08-23 14:37:56.411610
3.878205881157988,0.0955247180068548,19.21390906208824,heavy,0.3563317766178966,1504.5894374380691,2026-08-23 14:38:56.411610
3.8858469088456133,0.16831393147661616,22.706442992346172,idle,0.5761036707831395,1275.7608090937406,2026-08-23 14:39:56.411610
3.8537775849192824,0.5351643790169494,20.84269432772462,idle,2.1125742577954294,408.20202483418007,2026-08-23 14:40:56.411610
3.823570406324032,0.45595269110105463,19.834336057819556,idle,1.7912693925436984,470.0910863353992,2026-08-23 14:41:56.411610
3.83453182829602,0.209520744264702,21.71413445690559,idle,0.7704440868297255,1038.5077178471631,2026-08-23 14:42:56.411610
3.8244706112482416,0.8534977942754522,19.180389932398626,light,3.2302889051675607,166.13491397390484,2026-08-23 14:43:56.411610
3.768005236096889,0.45486357107209263,23.496422429993487,heavy,1.7107675024853954,322.91223048879505,2026-08-23 14:44:56.411610
3.7707852085504134,0.13915852195360207,20.908799523827565,light,0.439658524213095,1030.1414067898872,2026-08-23 14:45:56.411610
3.7665059116313406,0.18232581710259071,21.83498770057183,light,0.7177492526454209,788.7264658021572,2026-08-23 14:46:56.411610
3.766873505612152,0.23352274097281414,21.00988230444373,heavy,0.8590970678980634,616.6670389906117,2026-08-23 14:47:56.411610
3.7580924107013636,0.8089147071328491,24.007015120846138,light,3.090199981584127,181.1748117138395,2026-08-23 14:48:56.411610
3.7258680562160187,0.5279712050783756,22.695513082576944,heavy,1.976980310736693,280.4021483753656,2026-08-23 14:49:56.411610
3.7351027631518803,0.35141216402209197,19.853181089478905,light,1.3514851824643892,403.0374047418294,2026-08-23 14:50:56.411610
3.699062411783833,0.6661218750769728,19.271486321909087,light,2.4988317656929917,213.23178133591978,2026-08-23 14:51:56.411610
3.6758057093821703,0.39628275664434787,21.892623521768407,medium,1.430632249203166,368.17420436002817,2026-08-23 14:52:56.411610
3.6261329567429064,0.41922474938699406,20.203591656536904,heavy,1.466915881842962,335.28058935702603,2026-08-23 14:53:56.411610
3.613272641313965,0.6593619646927072,18.20887679572717,heavy,2.3752085017935674,223.6854931002937,2026-08-23 14:54:56.411610
3.652902172636879,0.2887994276771851,20.162380039774558,heavy,1.064852470718555,503.94358675362605,2026-08-23 14:55:56.411610
3.5656917427129686,0.5077912120336608,20.895973466741914,medium,1.7776746659969809,286.7515592238616,2026-08-23 14:56:56.411610
3.6069331570760808,0.6013710858274333,19.49920484362908,idle,2.1537773465580567,369.92382890817544,2026-08-23 14:57:56.411610
3.58196373235171,0.689542254047003,20.951193551491336,light,2.44770688541453,212.02912490076486,2026-08-23 14:58:56.411610
3.558244093210975,0.6938193597515465,20.259785573887058,heavy,2.5149074821285518,207.55998440580584,2026-08-23 14:59:56.411610
3.5407710962334207,0.7964728223712457,24.03236003514906,heavy,2.8283629776065675,177.93752305217333,2026-08-23 15:00:56.411610
3.552227200418354,0.6225197693523077,20.822592081756618,heavy,2.2378390024254458,229.47335706715572,2026-08-23 15:01:56.411610
3.5393880754857374,0.47686954490379385,19.22104632408388,medium,1.6007002555696783,299.69113891830835,2026-08-23 15:02:56.411610
3.4763566283233036,0.8371765153728274,19.90059856837422,light,2.9915396675542327,174.96098358004843,2026-08-23 15:03:56.411610
3.4843863272710323,0.7066761784638184,17.899392688249257,idle,2.449069283346145,309.833890594854,2026-08-23 15:04:56.411610
3.434605129197589,0.9292818075811218,22.391538442173818,medium,3.2911617100820285,153.53214032204468,2026-08-23 15:05:56.411610
3.3930100049535312,0.6182466916282967,20.343338132022247,idle,2.140331202399399,349.04947751433406,2026-08-23 15:06:56.411610
3.447952875899983,0.3255676123881618,22.022661724897844,heavy,1.14280865034435,439.76437367274855,2026-08-23 15:07:56.411610
3.391757142204231,0.24628113714447497,19.268111751578136,light,0.9360624177894096,578.3096737317469,2026-08-23 15:08:56.411610
3.3787722240744387,0.5894747157426484,20.462385875128568,idle,1.9961631088762375,374.0377654997219,2026-08-23 15:09:56.411610
3.352424633671757,0.7739114073689506,20.044395984666814,heavy,2.6644726475539926,183.88111921035335,2026-08-23 15:10:56.411610
3.3531924232821315,0.7884589768671895,19.172344237717187,idle,2.7167972115747854,272.18664381232793,2026-08-23 15:11:56.411610
3.3166642938959403,0.9357703692417434,21.753840102091864,heavy,3.0991626631190257,154.1095621766428,2026-08-23 15:12:56.411610
3.31963163463517,0.7214913374774496,22.467967549270163,medium,2.4251594910081,201.206997090936,2026-08-23 15:13:56.411610
3.2861956698307564,0.6206146114098737,21.637338165592656,medium,2.074944049575664,228.6896552325455,2026-08-23 15:14:56.411610
3.316865146882324,0.6259965415158869,22.036239065880213,medium,2.061271004221761,222.83757969401475,2026-08-23 15:15:56.411610
3.240399233365165,1.0444515924271276,22.255497312196475,medium,3.396239600430697,145.37553791678343,2026-08-23 15:16:56.411610
3.2445181412330255,0.47648431219745707,22.963694142414916,heavy,1.5636207884011026,311.7141129637526,2026-08-23 15:17:56.411610
3.2122906060449194,0.8678878335057327,21.78642008588844,light,2.7911781715920005,163.4989824805389,2026-08-23 15:18:56.411610
3.1699674812054157,0.6148966969427414,22.30597058955102,heavy,1.9688049719433252,235.80209191736472,2026-08-23 15:19:56.411610
3.195501406293967,0.8781094079448887,22.269431060197984,idle,2.9245280164226437,243.01842899628733,2026-08-23 15:20:56.411610
3.2053179535707934,1.0865355983156568,20.48467692916439,light,3.474894281122833,125.83738559707851,2026-08-23 15:21:56.411610
3.1386457464026734,0.6298100154831892,22.1347218345644,heavy,1.9381631048320236,227.93797490383457,2026-08-23 15:22:56.411610
3.1469752101599364,0.8712622561203173,19.684239600973736,medium,2.6142214454715753,161.49286506037197,2026-08-23 15:23:56.411610
3.1100988835600436,1.0315371668179125,19.843806588721435,medium,3.239447835238618,136.60581803760164,2026-08-23 15:24:56.411610
3.1013105732049078,1.2059204786300852,21.911893601564415,light,3.7094286677013035,118.86967185803124,2026-08-23 15:25:56.411610
3.0802441698400367,0.9431168434348247,21.588482376043405,idle,2.9640119416730024,230.53626174132071,2026-08-23 15:26:56.411610
3.0727582844156185,0.9669660848354951,23.390555946818626,heavy,2.9567154681119727,153.1920573013382,2026-08-23 15:27:56.411610
3.0,0.8830951522632885,23.556677258333117,light,2.6378454586149815,171.84116238500704,2026-08-23 15:28:56.411610
3.008253331131823,0.9766683390351192,21.340509814113663,medium,3.000908393964976,146.60958038243095,2026-08-23 15:29:56.411610
3.027645045156735,0.8093772902362288,20.927457899065462,light,2.5005417055200136,175.85322420775267,2026-08-23 15:30:56.411610
3.022051665825832,0.7502989373978907,20.61434737250412,light,2.2386020270857245,193.08674227651588,2026-08-23 15:31:56.411610
3.0,0.899573340998952,24.18239343821205,medium,2.7634053793884354,157.0532681101427,2026-08-23 15:32:56.411610
3.0,1.315710125839595,21.939607104489667,light,3.963940445385808,106.95872093956494,2026-08-23 15:33:56.411610
3.0,1.0709389925941446,21.734958018654233,light,3.1681815357725873,144.99320926838783,2026-08-23 15:34:56.411610
3.0,1.1312006658032778,22.87842766048022,medium,3.4646766225233088,114.82972295238449,2026-08-23 15:35:56.411610
3.0,0.8419529391106276,22.265297833981137,light,2.498482032523277,172.9183508951693,2026-08-23 15:36:56.411610
3.0,0.8956758332069575,21.572906868192014,light,2.6070746634749966,166.29901267707544,2026-08-23 15:37:56.411610
3.0,1.195563038220921,22.8189613564698,idle,3.659153321218365,181.7570816457874,2026-08-23 15:38:56.411610
3.0,1.4313526062995399,21.288114538382615,heavy,4.307599451006785,89.53084718525245,2026-08-23 15:39:56.411610
3.0,1.3216512567772103,21.015030093669253,idle,4.056571955818143,165.87462034338705,2026-08-23 15:40:56.411610
3.0,1.283516227523894,20.019649821256685,idle,3.85035383298895,172.3296165994929,2026-08-23 15:41:56.411610
3.0,1.4360940905828248,18.26945861910372,light,4.321122278221586,97.43893409084866,2026-08-23 15:42:56.411610
3.0,1.0685413808589257,21.339250016553333,medium,3.2533286273155952,136.19818651050983,2026-08-23 15:43:56.411610
3.0,0.9800261245237318,22.280358541389884,medium,2.988605880840624,141.94692806919946,2026-08-23 15:44:56.411610
3.0,0.887598493916592,20.358128231110758,light,2.566394266906144,156.39332728598663,2026-08-23 15:45:56.411610
3.0,0.9267305297496238,24.008893835675906,heavy,2.77894955020098,149.89619992876138,2026-08-23 15:46:56.411610
3.0,0.7895778745854405,20.556565711362857,light,2.2513423930662038,176.20211279981228,2026-08-23 15:47:56.411610
3.0,1.245796598379632,20.689020072800126,idle,3.7173182970201593,173.5123673088319,2026-08-23 15:48:56.411610
3.0,0.605631883410797,23.59345438394141,medium,1.8373102105398746,231.52341088550145,2026-08-23 15:49:56.411610
3.0,1.1194948396968405,23.44813485579011,idle,3.428085833899233,188.966877081011,2026-08-23 15:50:56.411610
3.0,1.01748945762025,23.67529771931732,heavy,3.0839429312471354,145.84053885208687,2026-08-23 15:51:56.411610
3.0,0.636196380865392,23.443086333938705,heavy,1.8692812673523422,215.20976499374888,2026-08-23 15:52:56.411610
3.0,1.0781774231867873,20.623905834642866,light,3.287858122700774,133.22160533112424,2026-08-23 15:53:56.411610
3.0,1.0054766531603334,23.682549370469548,light,2.9101909167535105,135.4895229839303,2026-08-23 15:54:56.411610
3.0,0.9915124181764787,20.866286276527685,light,2.9006398861716236,146.23504129088457,2026-08-23 15:55:56.411610
3.0,0.8675447072400961,20.655323575597546,light,2.5991474863498647,169.38942258804616,2026-08-23 15:56:56.411610
3.0,0.923783852744642,21.80052708171331,light,2.7559777398644876,157.27372070294135,2026-08-23 15:57:56.411610
3.0,1.062282618345301,20.38728585093408,light,3.2156007101411217,130.9515243549809,2026-08-23 15:58:56.411610
3.0,1.0085911648838501,21.612190963035147,idle,2.9865723949032907,210.03577824507232,2026-08-23 15:59:56.411610
3.0,1.193068452845583,22.671658457663124,light,3.5532096300468576,121.0987918530503,2026-08-23 16:00:56.411610
3.0,0.8223502595220851,22.92908036445349,light,2.4606707136827395,173.74037745658688,2026-08-23 16:01:56.411610
3.0,0.8304064241082545,22.68679480461584,light,2.5832732219810173,176.48269762693346,2026-08-23 16:02:56.411610
3.0,1.1790226929503804,20.20137039806135,idle,3.561980984365913,185.9892686812181,2026-08-23 16:03:56.411610
3.0,0.8742553901053227,25.29977769822228,light,2.510892332127126,157.24977697536087,2026-08-23 16:04:56.411610
3.0,0.8675862712074952,23.328789172039286,idle,2.658930847604033,248.33220396300695,2026-08-23 16:05:56.411610
3.0,0.9026891797445464,20.320752128797277,idle,2.6988199190302846,236.54518851318258,2026-08-23 16:06:56.411610
3.0,0.9604567055252338,20.0108202923893,idle,2.9128523963313304,225.46831770229073,2026-08-23 16:07:56.411610
3.0,0.7113437043004431,22.786426106608847,heavy,2.131588778717294,204.32234748217851,2026-08-23 16:08:56.411610
3.0,1.139392885311421,22.57170344802385,medium,3.476613934498152,127.93776850330578,2026-08-23 16:09:56.411610
3.0,0.8520914210273521,25.503697772856828,light,2.566737135975012,161.3647208846939,2026-08-23 16:10:56.411610
3.0,1.0102355732473343,23.004381583469986,heavy,2.9718037472693113,141.51646341312463,2026-08-23 16:11:56.411610
3.0,0.8605660514411361,21.460860632902786,medium,2.6409294247772848,173.97618979740497,2026-08-23 16:12:56.411610
3.0,0.8285242241296635,22.442286782595268,heavy,2.521540905362658,172.31551858054775,2026-08-23 16:13:56.411610
3.0,0.8314332342729741,23.42289766672876,light,2.4895065312865214,173.54551402589303,2026-08-23 16:14:56.411610
3.0,1.0017852342043836,23.878773270497685,light,2.937526701960448,143.17309578410408,2026-08-23 16:15:56.411610
3.0,0.9561008260747801,23.448553780424746,idle,2.858081495988212,229.37633588553746,2026-08-23 16:16:56.411610
3.0,0.7121763369838132,23.785814190303658,medium,1.9526467165222468,198.2663716250949,2026-08-23 16:17:56.411610
3.0,0.8665452682429138,21.182539943102217,idle,2.565136956228301,246.3593334004552,2026-08-23 16:18:56.411610
3.0,0.629173842713288,23.1588398822144,idle,1.8160148995383034,349.4536862647847,2026-08-23 16:19:56.411610
3.0,0.6671354811381278,23.64846965459696,medium,1.938242178694506,216.44511415839727,2026-08-23 16:20:56.411610
3.0,0.9913341228685746,21.44898553182366,heavy,2.9875649117031866,154.5097296055433,2026-08-23 16:21:56.411610
3.0,0.758756547540407,24.227100330369503,medium,2.2621096655160806,191.34399652874777,2026-08-23 16:22:56.411610
3.0,0.524099301040083,21.388693731246814,medium,1.6718769649987564,264.6751051743641,2026-08-23 16:23:56.411610
3.0,0.5175229634642184,22.986240763311518,medium,1.6073884010905324,281.08260137720004,2026-08-23 16:24:56.411610
3.0,0.8113250241825645,23.216772562800372,idle,2.423689988330821,268.6842860385489,2026-08-23 16:25:56.411610
3.0,0.6572566907621771,24.09387108963461,idle,2.0223743621129464,323.47209114664287,2026-08-23 16:26:56.411610
3.0,0.7162869165623774,23.508687465388604,light,2.169728030758246,205.04778257232817,2026-08-23 16:27:56.411610
3.0,0.7560972244232573,22.96626377886293,idle,2.2652683419253057,276.8138185730198,2026-08-23 16:28:56.411610
3.0,0.5319593793148054,23.678308507965248,medium,1.624050895780354,271.05717816057177,2026-08-23 16:29:56.411610
3.0,0.3059941655205838,18.651469882266078,heavy,0.858987136696412,468.32202528660844,2026-08-23 16:30:56.411610
3.0,0.5414897977306823,22.32375927658482,light,1.6475057820327728,266.644353411247,2026-08-23 16:31:56.411610
3.0,0.38848506027995766,22.266869404277713,light,1.2097924472553823,376.0386631198015,2026-08-23 16:32:56.411610
3.0,0.353094977885304,21.93047209408758,heavy,1.026170016365332,404.81791953380906,2026-08-23 16:33:56.411610
3.0,0.6918052485654261,24.156238815463194,idle,2.0510161737850603,301.10935374197453,2026-08-23 16:34:56.411610
3.0,0.3331336712182228,22.65288059201583,idle,1.0006985201619836,646.2662510032435,2026-08-23 16:35:56.411610
3.0,0.6662342423513851,25.530825550097294,medium,2.0967401577804305,217.731877498771,2026-08-23 16:36:56.411610
3.0,0.2340217029308903,22.666631387458615,medium,0.6388977667185449,618.0507492763553,2026-08-23 16:37:56.411610
3.0,0.2673881292484615,21.939101603964666,idle,0.7766199415153848,811.4461662836858,2026-08-23 16:38:56.411610
3.0,0.49329779573211585,23.201146796858804,light,1.4106986458305546,289.5639964174833,2026-08-23 16:39:56.411610
3.0,0.290614070592649,25.238342686504616,idle,0.8914477574964101,745.9722144644111,2026-08-23 16:40:56.411610
3.0,0.16132100484180545,22.49560273830842,medium,0.4460996699481789,895.2739623354448,2026-08-23 16:41:56.411610
3.0,0.6008943664886699,22.218054967857068,medium,1.8188435571539694,243.9182912722763,2026-08-23 16:42:56.411610
3.0,0.45450435983062215,22.895744418355065,heavy,1.3875799106238038,312.0872139749746,2026-08-23 16:43:56.411610
3.0,0.36493109622468123,22.782999086479755,idle,1.1901171857653288,594.0245189628941,2026-08-23 16:44:56.411610
3.0,0.5956800521079132,25.450817518025033,light,1.7694937850347683,245.5349545362089,2026-08-23 16:45:56.411610
3.0,0.41955215720504385,23.651577401377324,idle,1.319543286780534,520.5407870001936,2026-08-23 16:46:56.411610
3.0,0.5500281114771173,23.325202486136824,medium,1.6535177332554134,269.2176159736659,2026-08-23 16:47:56.411610
3.0,0.5674914929928159,22.02871239026047,idle,1.6377274055917992,381.63387835965153,2026-08-23 16:48:56.411610
3.0,0.3729680095410752,24.160772383297257,medium,1.0678377267001125,391.7218366111871,2026-08-23 16:49:56.411610
3.0,0.20862941266982424,23.00408694275028,medium,0.6544570479795615,690.938539248866,2026-08-23 16:50:56.411610
3.0,0.4708591684200631,25.167589901165098,medium,1.3778170244032433,294.7499917989434,2026-08-23 16:51:56.411610
3.0,0.20100435386739635,25.40872163887526,light,0.654548390329693,716.6557674886847,2026-08-23 16:52:56.411610
3.0,0.39628046256268873,22.81407879555281,idle,1.249028545931703,545.1410363523365,2026-08-23 16:53:56.411610
3.0,0.6007855431672187,23.509557799624865,light,1.8465139419050598,244.5658004278572,2026-08-23 16:54:56.411610
3.0,0.1731059173165773,23.970708648928888,heavy,0.4491721328508063,837.6257140815286,2026-08-23 16:55:56.411610
3.0,0.24300607878511782,23.196430844520883,heavy,0.7927098713827622,589.9899357559707,2026-08-23 16:56:56.411610
3.0,0.18249069469664853,23.471796145699518,medium,0.5482943817604313,787.8242638492487,2026-08-23 16:57:56.411610
3.0,0.13715940918644312,22.985357422780286,light,0.43971127255965187,1040.5566961953978,2026-08-23 16:58:56.411610
3.0,0.15849807551227807,24.42045668549496,idle,0.4765566448094928,1365.2179876087937,2026-08-23 16:59:56.411610
3.0,0.31084608799627994,23.557991683405977,heavy,0.890836457463251,471.0684390934427,2026-08-23 17:00:56.411610
3.0,0.044263146213032845,21.711015175169855,light,0.08652813928058384,3258.458736958733,2026-08-23 17:01:56.411610
3.0,0.020104134283975228,25.91819410444378,heavy,-0.0070188472241132505,7157.534196534009,2026-08-23 17:02:56.411610
3.0,0.2972451640644288,23.33638278345382,medium,0.8516730676173921,479.58829940466416,2026-08-23 17:03:56.411610
3.0,0.5454345441861985,24.396301913230353,idle,1.6361630942468457,393.22934282365424,2026-08-23 17:04:56.411610
3.0,0.06213234550119698,26.35602916482943,light,0.1835672089943432,2314.720544808871,2026-08-23 17:05:56.411610
3.0,0.09426027528385236,22.148697488947803,light,0.33738075439298154,1528.0708082867636,2026-08-23 17:06:56.411610
3.0,0.21104929032619235,20.799128864320725,medium,0.5633959743809096,682.1187996655987,2026-08-23 17:07:56.411610
3.0,0.20561183193012625,26.00369620087802,medium,0.6832556303318126,695.7771117714858,2026-08-23 17:08:56.411610
3.0,0.050013677866739936,26.269502443250737,idle,0.0889094758878898,4323.334166070853,2026-08-23 17:09:56.411610
3.0,0.07401665305894883,24.027933756600216,idle,0.27231766982163047,2921.46968898883,2026-08-23 17:10:56.411610
3.0,0.12153003121636836,26.495887565800725,heavy,0.4049878092295338,1184.4322868023742,2026-08-23 17:11:56.411610
3.0,0.1199315159821215,24.285635554323047,idle,0.40921063874122404,1802.080272746976,2026-08-23 17:12:56.411610
3.0,0.14488647126610532,26.978865218921996,heavy,0.44153561892161247,994.2044011466654,2026-08-23 17:13:56.411610
3.0,0.01942553730951338,22.324871731346448,medium,0.04034539525464563,7417.239303809543,2026-08-23 17:14:56.411610
3.0,0.16702363064749098,23.55961217434778,idle,0.5253261787072063,1290.0835415180825,2026-08-23 17:15:56.411610
3.0,0.08270635005830199,21.05191607033919,heavy,0.2741337284185055,1749.5511985890437,2026-08-23 17:16:56.411610
3.0,0.5606744626355359,23.44807000075965,heavy,1.7461879833247365,258.94502841932234,2026-08-23 17:17:56.411610
3.0,0.559677579119069,25.235185913817254,heavy,1.7261658435047555,259.92204348280103,2026-08-23 17:18:56.411610
3.0,0.41624767327869583,23.200151964464492,medium,1.1798603167333623,347.53958905968966,2026-08-23 17:19:56.411610
3.0,0.31953981305385576,25.937058926576377,idle,0.9636243211467731,676.1843619080919,2026-08-23 17:20:56.411610
3.0,0.2747367148682095,25.07291930843915,medium,0.8172576421537644,523.5769592977405,2026-08-23 17:21:56.411610
3.0,0.2569448620883246,23.434974416967183,medium,0.7163219938937229,558.6296078821097,2026-08-23 17:22:56.411610
3.0,0.4111522596680026,23.787911732197013,medium,1.3046337386900806,357.7829837489526,2026-08-23 17:23:56.411610
3.0,0.41373350088905614,23.47948602941466,idle,1.2322723960002095,522.8938324402343,2026-08-23 17:24:56.411610
3.0,0.0011909551085416137,24.57170807884905,light,-0.03664215286091347,14406.338951186937,2026-08-23 17:25:56.411610
3.0,0.34423893441721354,23.7888267346971,medium,0.924834928575181,417.8010742021398,2026-08-23 17:26:56.411610
3.0,0.09861455809905502,25.600595713028827,medium,0.2596921369765336,1464.4539344683624,2026-08-23 17:27:56.411610
3.0,0.311621670952585,24.262818661972837,heavy,0.9527158083426246,456.91562008769927,2026-08-23 17:28:56.411610
3.0,0.560638478915662,25.323488814609863,heavy,1.672453925295248,256.67596216009855,2026-08-23 17:29:56.411610
3.0,0.23398641751609134,24.822012323892523,medium,0.6897706420259867,607.951399588608,2026-08-23 17:30:56.411610
3.0,0.16413366708224997,28.301375548753626,medium,0.4649399861352387,871.9334687427647,2026-08-23 17:31:56.411610
3.0,0.29688618091248486,22.20976977646386,heavy,0.9473008943700846,480.2814254498039,2026-08-23 17:32:56.411610
3.0,0.21535753123769286,25.143050277511804,medium,0.6556608259299693,671.8403972069383,2026-08-23 17:33:56.411610
3.0,0.11398080839608887,25.518973812910264,idle,0.4298922255871156,1893.3845299843842,2026-08-23 17:34:56.411610
3.000457685318669,0.30974628365242424,24.307165681371707,heavy,0.959508090288903,465.3636851033804,2026-08-23 17:35:56.411610
3.019171999777423,0.274692955134702,24.884009212324855,medium,0.8504989250137012,519.8467120311842,2026-08-23 17:36:56.411610
3.057680555629314,0.44772982298224295,26.43623312960094,idle,1.3695895719997087,483.12552731996635,2026-08-23 17:37:56.411610
3.0715292126453417,0.10928886411165056,27.14990285187108,heavy,0.3572839341487238,1317.9916107493664,2026-08-23 17:38:56.411610
3.098558880153068,0.5420126960595149,23.76947420455187,idle,1.7367037718638851,394.84057176446373,2026-08-23 17:39:56.411610
3.135031604926942,0.1430903929583057,26.995957422746148,light,0.5085774734167937,1001.2972863606196,2026-08-23 17:40:56.411610
3.1285205523316635,0.3230340560887473,22.459453240454312,heavy,1.0663479343657076,437.5777279485622,2026-08-23 17:41:56.411610
3.1263453164416117,0.36610332051362876,23.79229392589006,idle,1.1566577299609364,589.772286430207,2026-08-23 17:42:56.411610
3.144994961649597,0.19778487872914136,24.267311805571598,heavy,0.6500573631521802,722.026301024068,2026-08-23 17:43:56.411610
3.1909015407086616,0.36836871931732657,24.167387138684983,heavy,1.1011035999137324,388.3531764771783,2026-08-23 17:44:56.411610
3.18864858544016,0.5670918279115988,24.754390517617725,light,1.7655418010660462,258.54247240799265,2026-08-23 17:45:56.411610
3.205935952353265,0.1460032362849294,25.958102370420555,heavy,0.4161488861200572,983.1608723654401,2026-08-23 17:46:56.411610
3.2340523665968854,0.2293890126214497,27.86183138969552,light,0.7845128690850312,626.4072759194718,2026-08-23 17:47:56.411610
3.2361414477955224,0.4352604339442637,25.685895256739784,medium,1.3839957453326148,322.26828005814485,2026-08-23 17:48:56.411610
3.2609519582893673,0.9250220544612845,25.7464922125972,idle,2.979118200748621,234.48533043836503,2026-08-23 17:49:56.411610
3.2815543811330183,0.5918665228584227,26.19730783526069,idle,1.9439040671061407,371.2460993639391,2026-08-23 17:50:56.411610
3.334905235375038,0.2574437115772974,24.110230720014822,medium,0.9330946705001576,562.4809288092438,2026-08-23 17:51:56.411610
3.3039249644990676,0.24792550270222014,24.729069636183596,idle,0.8391634104117862,866.6440947774598,2026-08-23 17:52:56.411610
3.3439413833815808,0.6291835825884498,22.828963482452302,idle,2.1075859158638823,339.7351257475395,2026-08-23 17:53:56.411610
3.3558958078072094,0.6315347902978314,25.99109032606389,idle,2.003986271903713,348.27602772833285,2026-08-23 17:54:56.411610
3.3783615176582282,0.24132553830821632,27.535617682335115,idle,0.8279039682484304,897.2630430610328,2026-08-23 17:55:56.411610
3.3751861447582225,0.30599575220411884,26.582176916639654,heavy,0.995425203378997,464.2840962302496,2026-08-23 17:56:56.411610
3.4007244513686774,0.5140832867684229,25.74745335004351,medium,1.7616798718369953,281.10156206473243,2026-08-23 17:57:56.411610
3.4364650784438275,0.9105109666861428,26.45631911472817,heavy,3.19664241561984,160.33630554138162,2026-08-23 17:58:56.411610
3.434762038343937,0.37413784065480316,25.569583953366,heavy,1.2713059749432745,377.4399808760966,2026-08-23 17:59:56.411610
3.47326160788506,0.5508651944553405,25.233893834913683,medium,1.839769606019991,256.2745276837007,2026-08-23 18:00:56.411610
3.5085134800128626,0.31780552702719184,27.46618924444723,idle,1.1718500883468908,671.6143664981955,2026-08-23 18:01:56.411610
3.5019809863842157,0.32860013037688895,24.416849615888143,light,1.2099944103265265,442.1567905536611,2026-08-23 18:02:56.411610
3.4890372864801384,0.5615157681461419,24.28464225914911,light,2.0373273800724805,251.86634252631174,2026-08-23 18:03:56.411610
3.553426261685287,0.6448980882602691,26.776776600192164,medium,2.275959519797946,225.6861255547668,2026-08-23 18:04:56.411610
3.554444909616072,0.6941370846848812,25.602239455217802,medium,2.3746143160917477,204.05374969852227,2026-08-23 18:05:56.411610
3.567063686804004,0.7948765264904627,24.79693797530651,medium,2.8360271527196894,182.89586901662065,2026-08-23 18:06:56.411610
3.6020482476651337,0.8018440686579377,26.183924599137946,light,2.9055262481541733,187.5255662309338,2026-08-23 18:07:56.411610
3.570591923006645,0.9892224196408128,23.491610425361266,medium,3.515620199761229,148.62083283570843,2026-08-23 18:08:56.411610
3.5814678015634263,0.7377115197083248,25.451112867077807,idle,2.5798997617577073,285.1498453806929,2026-08-23 18:09:56.411610
3.6395912451597026,0.6429284608317605,22.216103692234096,light,2.303243835192932,236.4793979766601,2026-08-23 18:10:56.411610
3.6373237030718615,0.38989318849131827,24.35796829159466,light,1.5006189025006809,369.85914584209456,2026-08-23 18:11:56.411610
3.6686955764844438,0.6037621799278636,23.216681291750128,medium,2.2020174080919883,240.31822405542732,2026-08-23 18:12:56.411610
3.6999306703504304,0.5730862525542533,25.66198067296901,idle,2.0763944699307637,376.43786953084265,2026-08-23 18:13:56.411610
3.7024619802073038,0.9244765225540108,26.913644826384434,light,3.4463599136814955,154.02021466789068,2026-08-23 18:14:56.411610
3.7182669536343043,1.0196530228117722,25.867441933736078,medium,3.7555311452962306,141.60078316315114,2026-08-23 18:15:56.411610
3.7531602254189678,0.8802223100497243,24.940732891260907,idle,3.373796895747755,247.78260885202383,2026-08-23 18:16:56.411610
3.7172696132212266,0.7724326589091904,26.219211420197656,heavy,2.904800445231521,184.51026960159086,2026-08-23 18:17:56.411610
3.7622223057991335,0.16151726198979344,28.48323233440794,medium,0.5720215786920523,884.9663357148539,2026-08-23 18:18:56.411610
3.8026982595740044,0.6374018746039531,28.531531742163754,medium,2.4624716319574107,224.0125897425242,2026-08-23 18:19:56.411610
3.766767063168909,0.6620577421983073,25.809283081368328,light,2.554978392235822,215.78385284254995,2026-08-23 18:20:56.411610
3.775261471889272,0.5928758715791569,26.34199586129938,light,2.281553562263126,238.73029931237713,2026-08-23 18:21:56.411610
3.8156129628362803,0.7224498707935605,22.704710695858687,medium,2.7726373852082213,205.69737688501658,2026-08-23 18:22:56.411610
3.84018046168529,1.2410692812265627,24.597430573711847,idle,4.749973365733982,176.20097674936784,2026-08-23 18:23:56.411610
3.873350242206477,0.8553145201444904,27.998962091391014,light,3.2972267835863995,167.11453635497276,2026-08-23 18:24:56.411610
3.8555913104388018,1.1360739146086263,26.664968482945735,medium,4.441777966848601,120.48670250472517,2026-08-23 18:25:56.411610
3.8750374422583085,0.4929585383448369,28.89234271790866,medium,1.9547124930858981,289.25485942939275,2026-08-23 18:26:56.411610
3.9105708119856635,0.7610674973988504,23.94485324058215,light,3.00719296244689,185.94479537696316,2026-08-23 18:27:56.411610
3.9147087231457016,1.002175988738389,26.627521590554334,medium,3.9885277772295127,142.27505062113883,2026-08-23 18:28:56.411610
3.9181556995380347,1.1691053439279422,27.348392487146604,light,4.5609826423821636,124.63902314057893,2026-08-23 18:29:56.411610
3.92324595920566,0.7891754358370093,28.368496131851483,light,3.188606520287774,181.88568056750557,2026-08-23 18:30:56.411610
3.9873969468351382,1.2074244156334455,23.350281852915984,idle,4.804695957549838,176.05184431284917,2026-08-23 18:31:56.411610
3.9504947116865394,1.1864586077144015,27.340191882438095,medium,4.650747838283948,121.04372595681753,2026-08-23 18:32:56.411610
3.9988803964612933,0.7584457008586685,25.9142995503599,idle,3.0730296019722014,288.7106308597587,2026-08-23 18:33:56.411610
4.040565175970511,0.6100277042765919,23.83315895207229,idle,2.4788075267699137,358.3200909455107,2026-08-23 18:34:56.411610
4.03058400364394,1.065541366257676,27.489071435652114,light,4.267021837740689,124.80683032410364,2026-08-23 18:35:56.411610
4.018603471105104,0.9149349547131658,26.39396693063662,idle,3.609700929248475,234.6783549453155,2026-08-23 18:36:56.411610
4.020587033843914,1.0078753366146094,24.904891671752203,light,4.045059422056572,142.14663943800446,2026-08-23 18:37:56.411610
4.047574709724909,1.045829899213944,26.744464805035634,idle,4.3010585632396054,203.3788916688297,2026-08-23 18:38:56.411610
4.020572771029685,1.0845099052108527,27.30342049016769,idle,4.355212680120009,200.25481365070624,2026-08-23 18:39:56.411610
4.0778848040094555,0.6802733963392129,25.978538891600902,light,2.766839891301501,210.47796565095587,2026-08-23 18:40:56.411610
4.0906556944119234,0.8483106191169653,26.725489418168085,heavy,3.4382088475285704,168.88270157731975,2026-08-23 18:41:56.411610
4.090617246245916,1.04375129804821,26.498229717271382,light,4.216698342963493,146.79619895395987,2026-08-23 18:42:56.411610
4.087720850020041,1.054557026478235,24.51653874633263,light,4.328081985559389,136.32528732305974,2026-08-23 18:43:56.411610
4.089053837673101,0.9131430405777208,26.41268313414041,idle,3.6934716906808824,233.828972839272,2026-08-23 18:44:56.411610
4.114340104527533,1.5112288056944245,25.49091568202163,idle,6.26601525180931,140.14630290293718,2026-08-23 18:45:56.411610
4.140823928220347,1.3523582033493786,26.96108364611655,idle,5.626866175003359,159.05138191419385,2026-08-23 18:46:56.411610
4.09811277830403,1.0456456732997867,25.856822165727355,medium,4.376635586282462,131.06157584482622,2026-08-23 18:47:56.411610
4.123754193604794,1.2008230764008938,26.798583813473375,heavy,4.9228294844302685,119.31866327791366,2026-08-23 18:48:56.411610
4.130136128091746,1.3776458103037317,26.651730681869637,medium,5.6222801307500125,95.37845261097175,2026-08-23 18:49:56.411610
4.094028495210661,0.6482209384065691,26.854224403091678,idle,2.740854963100862,336.7344862112704,2026-08-23 18:50:56.411610
4.1602674957774,1.2370052898899864,24.900859514030305,heavy,5.147069389116022,118.14541347064524,2026-08-23 18:51:56.411610
4.143884245181661,0.9653354966860339,25.454047608731873,heavy,3.938859935643593,141.65789700638393,2026-08-23 18:52:56.411610
4.169486789823136,1.0875956165569027,28.275565778472654,idle,4.489944160734943,191.5401428058061,2026-08-23 18:53:56.411610
4.146826126225337,1.1135210080732296,26.479918669342215,light,4.530859984830411,131.41072904153296,2026-08-23 18:54:56.411610
4.177973239317263,0.9860808557634313,24.5025975453378,medium,4.150141365646986,134.78130135323335,2026-08-23 18:55:56.411610
4.176015252737271,1.0708170234084942,28.122349340024996,light,4.515830249300977,142.81435818791857,2026-08-23 18:56:56.411610
4.218423281894986,1.1485648908884283,26.61430337815899,light,4.857041981139887,125.936341068039,2026-08-23 18:57:56.411610
4.142916429170143,1.1496518638006017,26.25278029509441,idle,4.82265262186311,184.76492548889195,2026-08-23 18:58:56.411610
4.170522045143189,1.3507561554718523,26.800982179002002,medium,5.7019903524278845,106.63737136903923,2026-08-23 18:59:56.411610
4.200445042096222,1.010529062746342,25.73475982299582,medium,4.293801870620652,149.17253029521225,2026-08-23 19:00:56.411610
4.1813325148225315,0.9005601518116189,24.41636744239605,idle,3.771379800648016,244.1653048198452,2026-08-23 19:01:56.411610
4.214233601729832,0.8726840146380777,28.766485276940237,idle,3.7216297264946747,248.68298085446546,2026-08-23 19:02:56.411610
4.16922062269145,1.0930169201827848,28.458891007843132,heavy,4.590331081045652,125.86174888150597,2026-08-23 19:03:56.411610
4.183234027917042,0.827700752232488,29.258635199710348,idle,3.4713780721881484,257.5978139435493,2026-08-23 19:04:56.411610
4.186592276531076,1.055484189867534,31.04020484670441,heavy,4.487726005466334,139.59243808169924,2026-08-23 19:05:56.411610
4.222090796229073,1.2317885245264353,26.25700189801002,light,5.230282516698694,113.22252719485117,2026-08-23 19:06:56.411610
4.186586994214103,1.0950746529211566,27.311261290589663,light,4.6058905535271935,132.0162211054239,2026-08-23 19:07:56.411610
4.22073691427971,1.0533152817084936,25.053892721356707,medium,4.425165380330403,134.83684739739655,2026-08-23 19:08:56.411610
4.200448123690188,0.9353145573381438,26.990478266587363,heavy,3.974990667625599,148.33138633609232,2026-08-23 19:09:56.411610
4.167648202711513,0.9139295981612587,26.636043971874386,idle,3.768861999571251,241.92478155668618,2026-08-23 19:10:56.411610
4.187254750154007,1.1732972494578946,24.773228614405646,heavy,4.8535466819517845,126.49424585551242,2026-08-23 19:11:56.411610
4.181150104880476,0.9075986274850141,27.57323756387318,light,3.772734301023138,164.68814691612147,2026-08-23 19:12:56.411610
4.192333264362974,1.1303654231662845,25.80140599906411,medium,4.729747500130437,129.4000736091197,2026-08-23 19:13:56.411610
4.197504041532525,1.1167826765572153,29.137320632715813,heavy,4.709424128816981,131.32154745098072,2026-08-23 19:14:56.411610
4.196533423328881,0.99572788462376,25.747836757189468,heavy,4.306261346705597,146.5782225885465,2026-08-23 19:15:56.411610
4.181331230526774,0.9389352236191235,26.367886754494887,light,3.9324971796101935,154.550297831878,2026-08-23 19:16:56.411610
4.184542654771047,0.7728321594534576,28.439354048859304,light,3.215939125924575,190.86300277363588,2026-08-23 19:17:56.411610
4.235530890956306,1.0347967388416013,29.431496217484302,light,4.3355641783481405,136.5533240304948,2026-08-23 19:18:56.411610
4.175126261386218,0.7309900190118828,27.38209516531021,light,3.1434590094627315,187.4287611616262,2026-08-23 19:19:56.411610
4.185252147135803,0.6941054238936757,29.37227816566948,idle,2.9602528278289113,313.88006077632855,2026-08-23 19:20:56.411610
4.229377168988913,1.132666296792064,26.974866298871138,idle,4.6560839202467195,191.7242888097444,2026-08-23 19:21:56.411610
4.184459587120379,0.799810279118482,27.43521202788333,medium,3.379563298114622,182.11980681322314,2026-08-23 19:22:56.411610
4.161993008475234,0.6595961256187501,27.977702212595105,idle,2.675304339161182,322.35494441229145,2026-08-23 19:23:56.411610
4.197584952809468,0.9634221714403134,28.738672001084563,idle,4.0206261299597195,231.15741548969015,2026-08-23 19:24:56.411610
4.1736964924966715,0.8141935954704084,26.490164063880886,light,3.4482901361612237,175.68949190105377,2026-08-23 19:25:56.411610
4.15443389001695,0.7381021423567993,28.28427716198811,heavy,3.122850100113404,190.10570677451332,2026-08-23 19:26:56.411610
4.178135348572482,0.821452443746626,28.217897869958687,medium,3.4183726871331443,170.96913271966054,2026-08-23 19:27:56.411610
4.111321417806123,0.789219413149988,25.811158738759765,light,3.2021585482666497,185.753967046556,2026-08-23 19:28:56.411610
4.144693331538003,1.018015586634391,27.25073683419738,idle,4.198613463760696,206.07798581038585,2026-08-23 19:29:56.411610
4.114873789209552,0.694633668153017,26.76723377790632,light,2.8466656158929164,214.8358569656852,2026-08-23 19:30:56.411610
4.131923884273882,0.9608920046055558,28.08142540283942,light,3.918443632852196,154.0251377130686,2026-08-23 19:31:56.411610
4.117338026759019,0.7445887884027266,26.4566526825178,light,3.0070500509610385,184.83363669856624,2026-08-23 19:32:56.411610
4.080383769714534,0.4711587316305679,27.830057397880147,heavy,1.8992074513553785,304.0222379994726,2026-08-23 19:33:56.411610
4.097412219926405,0.7888891066323069,27.157161512071326,idle,3.2019178274177453,268.0394643326801,2026-08-23 19:34:56.411610
4.084576506995538,0.7085375703969304,26.89277355757048,heavy,2.948720337245088,205.98799642606596,2026-08-23 19:35:56.411610
4.0927628122574955,0.2947037769382167,26.7382865344939,light,1.254808756919278,491.07970041427234,2026-08-23 19:36:56.411610
4.069552344195118,0.9005384451049274,29.279544387277408,idle,3.663397873297183,249.00960527182946,2026-08-23 19:37:56.411610
4.0539103931372935,0.5775830905953945,26.240236665955177,heavy,2.302925463737189,249.03010545031705,2026-08-23 19:38:56.411610
4.052077276896491,0.8740671327379044,26.38127899084765,light,3.623507524698609,165.2925700898239,2026-08-23 19:39:56.411610
4.057634267493872,0.4960889084274974,26.516618999268598,light,2.0001709980246845,286.82291106877057,2026-08-23 19:40:56.411610
4.053491082436112,0.8925508161531783,28.122779255055274,light,3.5803765193477814,162.55279152818187,2026-08-23 19:41:56.411610
4.040451440565824,0.30979200070169227,29.2086576607754,heavy,1.2541802813418188,469.82043475937,2026-08-23 19:42:56.411610
3.9914933740542162,0.6815348886763979,25.636374728259792,light,2.6289488022848007,210.47028076827743,2026-08-23 19:43:56.411610
3.991572030688858,0.40244232514313083,27.35883224812995,heavy,1.5269863210737014,362.8905656151526,2026-08-23 19:44:56.411610
3.9607706823253386,1.0311717218169663,29.254152534483403,heavy,4.080645478662062,135.60230487900705,2026-08-23 19:45:56.411610
3.9713754223672413,0.4410351246911453,27.1796804159075,idle,1.7306354659694312,497.2845695031576,2026-08-23 19:46:56.411610
3.939792662850699,0.3802693991401752,26.175335172675243,light,1.446134719350471,378.87380854670295,2026-08-23 19:47:56.411610
3.932046967520927,0.40378785594207556,24.83214231920881,idle,1.562125614970556,542.2370487697165,2026-08-23 19:48:56.411610
3.930223528160344,0.5753196100222979,28.110980942661634,light,2.3350837708725942,250.33762832586874,2026-08-23 19:49:56.411610
3.909741829077902,0.25991559321736946,25.91256523006304,light,1.013303430241355,551.846258270562,2026-08-23 19:50:56.411610
3.8828258821802493,0.42201946377946786,30.413035482790313,medium,1.6237141923500864,344.88419905299077,2026-08-23 19:51:56.411610
3.9197033407505404,0.1428074076103243,24.455631310957063,idle,0.5326620383233271,1513.0756483307441,2026-08-23 19:52:56.411610
3.873864700808353,0.15847937530980294,29.229138908988194,heavy,0.5653640668047634,913.4623231270551,2026-08-23 19:53:56.411610
3.8824458634325905,0.5313759297111211,24.91285204736309,medium,2.0324516549642855,270.1938903312406,2026-08-23 19:54:56.411610
3.8099441565895793,0.5572915325182266,27.515457913066562,idle,2.1590557559549137,386.1684163963459,2026-08-23 19:55:56.411610
3.868298200760732,0.19837514344259471,28.15171842999018,light,0.7718798765730307,729.0686241916658,2026-08-23 19:56:56.411610
3.8307461716435243,0.46611458970485625,27.609240266160803,light,1.7827240886985163,309.3823143848089,2026-08-23 19:57:56.411610
3.808369562469808,0.3628973621725344,28.602874736690595,idle,1.4980648717934264,591.6415065453613,2026-08-23 19:58:56.411610
3.7977339641088563,0.66514376071552,27.949753530952197,heavy,2.5152194670551324,211.1776355452404,2026-08-23 19:59:56.411610
3.778498344537429,0.740366653937637,28.42694715779543,heavy,2.8205801058005533,189.74120129971587,2026-08-23 20:00:56.411610
3.745980923916628,0.20513848535467252,26.608654039906618,light,0.6966037702546616,705.6246934229522,2026-08-23 20:01:56.411610
3.7363638891639477,0.36449067557583936,30.12313689055283,light,1.3504516208397708,398.5522980256363,2026-08-23 20:02:56.411610
3.7625293484310647,0.558453651860535,29.731934018671694,idle,2.0938251636488925,390.29787170080624,2026-08-23 20:03:56.411610
3.7043107010753533,0.09941535309630872,28.35174896269175,light,0.27362545129977117,1443.0254731118434,2026-08-23 20:04:56.411610
3.7203970059562175,0.25886604141717473,28.161897381793555,medium,0.9798480558692493,566.0073148274978,2026-08-23 20:05:56.411610
3.648879007362995,0.5110372718933052,28.778279997526468,medium,1.8062531704721114,283.5651914587447,2026-08-23 20:06:56.411610
3.6558405147417505,0.32079599067854253,29.339715561818718,heavy,1.1582024462919362,452.44337034687305,2026-08-23 20:07:56.411610
3.6602001024366353,0.14842756333906723,27.844312177637274,light,0.6052280920310054,964.2087683777348,2026-08-23 20:08:56.411610
3.638223524525103,0.22279871666080686,26.5746507357548,light,0.9021135043964164,639.2843493372817,2026-08-23 20:09:56.411610
3.59414390382738,0.4003518591522418,27.205512639662615,medium,1.3826805276186975,358.0245074810168,2026-08-23 20:10:56.411610
3.6211421069605314,0.5349209136071102,28.357241077448283,heavy,1.9721375354279143,267.840338853925,2026-08-23 20:11:56.411610
3.6023104317104204,0.10751980727905217,27.17966704431688,medium,0.4263928653777508,1336.2774898353782,2026-08-23 20:12:56.411610
3.586180349687395,0.5609674233766144,29.75151663058947,heavy,1.9451719594099017,257.9045629407832,2026-08-23 20:13:56.411610
3.5918766302394243,0.36522607534448964,25.459101930191167,idle,1.3559739236182349,589.7362850058876,2026-08-23 20:14:56.411610
3.486360764885877,0.4140356971017818,25.72996038352695,light,1.4675879116713024,343.63581761401167,2026-08-23 20:15:56.411610
3.481983654675805,0.08143313439848668,29.472597569424725,idle,0.3708377576464398,2653.831783637853,2026-08-23 20:16:56.411610
3.487604435130541,0.17880690843423164,30.205367413167142,medium,0.6646075743170444,802.8860643016395,2026-08-23 20:17:56.411610
3.484924655689886,0.05971371933629199,26.33239830179177,light,0.2664465894883589,2410.3346534890843,2026-08-23 20:18:56.411610
3.4665227942815164,0.09347683636360704,28.390050477749,medium,0.22261751548490216,1542.8591470936726,2026-08-23 20:19:56.411610
3.4623953057361994,0.79519367869535,31.117397840189355,idle,2.8026535870922262,269.9764820402391,2026-08-23 20:20:56.411610
3.4195470953034337,0.07211623705559816,28.942979523788484,idle,0.2502980138986805,3000.203300789898,2026-08-23 20:21:56.411610
3.423241001183156,0.008394463859804607,31.086275052715813,heavy,0.040323833603782853,14392.283736820298,2026-08-23 20:22:56.411610
3.417761598614762,0.0423889768090393,27.270970658626656,medium,0.13034013320501975,3392.3880808251656,2026-08-23 20:23:56.411610
3.412207131684466,0.38211604040021824,27.819442505694447,medium,1.2112741551284942,371.8449003317998,2026-08-23 20:24:56.411610
3.3633310185151104,0.15785722362315174,31.374434283284867,idle,0.48106760410375965,1369.4344247470806,2026-08-23 20:25:56.411610
3.3334776341673558,0.24526921387020417,29.35380970279054,light,0.7878283895034441,588.0910512899881,2026-08-23 20:26:56.411610
3.313913276686802,0.27608681031544735,31.226764402840754,idle,0.9827861385614075,782.1269961424521,2026-08-23 20:27:56.411610
3.30307545979865,0.28921784557701025,27.648970542790778,light,1.0384594049129456,505.82291420285856,2026-08-23 20:28:56.411610
3.2431224871044217,0.4285730124974217,28.907973000376977,light,1.4248171022390392,337.8503931447413,2026-08-23 20:29:56.411610
3.245023960757911,0.3041268113080627,27.592047031483965,idle,0.955806058621285,710.5456149060316,2026-08-23 20:30:56.411610
3.2464624048579713,0.14742980108579307,30.90564200662075,medium,0.4839554724646487,969.2498050919701,2026-08-23 20:31:56.411610
3.2304572330096066,0.39934583749436076,27.141064300657387,heavy,1.263142958947305,364.96338170559886,2026-08-23 20:32:56.411610
3.189277244639919,0.17167707172056865,26.344945347145618,medium,0.5291039793267535,837.0599863973187,2026-08-23 20:33:56.411610
3.182716016868929,0.3640572225894675,31.780381126075017,light,1.182502002033935,402.3620902693347,2026-08-23 20:34:56.411610
3.184440467652394,0.21688783570963083,24.183735246634306,heavy,0.7478384307164753,659.1442483875919,2026-08-23 20:35:56.411610
3.185103156572546,0.29991857831873686,26.20787350704214,heavy,0.913484687235218,478.4155528545442,2026-08-23 20:36:56.411610
3.1328828128847794,0.25610437862165886,26.825476071543353,idle,0.7823053063870519,838.2979759350734,2026-08-23 20:37:56.411610
3.1195443013865094,0.233310159054341,27.36259775002845,heavy,0.7116774024763509,627.959984091479,2026-08-23 20:38:56.411610
3.05568593548227,0.4757011175460064,27.58009527789042,heavy,1.4242196247133887,303.5589407509958,2026-08-23 20:39:56.411610
3.0856917101493377,0.08995218294250254,28.229793571752833,heavy,0.2522191804161617,1607.8163631886073,2026-08-23 20:40:56.411610
3.066869034669928,0.006634633821522351,26.802404117658277,heavy,0.048714298079787235,14405.14618544477,2026-08-23 20:41:56.411610
3.0386050386834924,0.024583723420003034,28.065471427319537,light,0.08409837185677739,5855.19102898573,2026-08-23 20:42:56.411610
3.047647633069328,0.17204178160215866,29.29873847960018,light,0.5122052651398662,840.4532007758905,2026-08-23 20:43:56.411610
3.0,0.214615767986038,27.237532500223647,light,0.5813212189839833,671.3208456548892,2026-08-23 20:44:56.411610
3.0,0.2051083678243032,30.987542185406948,idle,0.6523463631454797,1045.4215740362213,2026-08-23 20:45:56.411610
3.0,0.3119818617027072,28.91006621370837,medium,0.8975196833686483,462.0179266513755,2026-08-23 20:46:56.411610
3.0,0.11518211600974212,28.817118636909708,idle,0.37226488937299546,1877.4884293547984,2026-08-23 20:47:56.411610
3.0,0.12816239141831334,26.37403209156797,light,0.4191008299916683,1126.068496684753,2026-08-23 20:48:56.411610
3.0,0.19150592517760578,28.426170688216768,medium,0.5737810967120747,753.6238793811127,2026-08-23 20:49:56.411610
3.0,0.2820719340123016,26.021819519097086,light,0.8182130605452309,505.17890901620365,2026-08-23 20:50:56.411610
3.0,0.11492705683884852,30.476286179381038,heavy,0.3128966570969021,1253.4558935565628,2026-08-23 20:51:56.411610
3.0,0.41373691027127035,26.636919978007615,heavy,1.2381913334209689,351.6676854116192,2026-08-23 20:52:56.411610
3.0,0.13673868787019566,30.92236115685748,light,0.34273938429017087,1051.2548903433858,2026-08-23 20:53:56.411610
3.0,0.7903052058124362,29.20593009329047,light,2.280950878798026,177.0771882064143,2026-08-23 20:54:56.411610
3.0,0.5116468577720801,29.366526123114166,heavy,1.5119158312611747,292.9627041384398,2026-08-23 20:55:56.411610
3.0,0.13374444206927327,28.955740096145274,light,0.4553180272359107,1067.4536332899793,2026-08-23 20:56:56.411610
3.0,0.404584467732375,27.666535961820752,idle,1.2268627930494806,535.3846436811965,2026-08-23 20:57:56.411610
3.0,0.2641390503090244,28.663002897224192,light,0.7395355847612437,550.9811797326895,2026-08-23 20:58:56.411610
3.0,0.37851551450409915,29.177639908937543,heavy,1.1068234661958187,382.60900970746184,2026-08-23 20:59:56.411610
3.0,0.18577092861295322,29.073760528675173,medium,0.6046556467110319,769.4950205381732,2026-08-23 21:00:56.411610
3.0,0.4353329788937988,30.81719318479781,heavy,1.3770211380147719,323.7048847141748,2026-08-23 21:01:56.411610
3.0,0.3879669612018518,31.608205356337336,light,1.1806005748475812,370.1817962463004,2026-08-23 21:02:56.411610
3.0,0.519780552310892,27.636146499512485,heavy,1.6054831795797926,269.86994647443663,2026-08-23 21:03:56.411610
3.0,0.4685590289288751,29.69289681823923,medium,1.404557896742414,307.8314183329293,2026-08-23 21:04:56.411610
3.0,0.537464323558627,30.555245176657444,heavy,1.5346868247625765,274.3616680048564,2026-08-23 21:05:56.411610
3.0,0.5590039197614101,27.121883912170965,medium,1.6422612935628493,262.93612463229897,2026-08-23 21:06:56.411610
3.0,0.45855637877019967,28.414826017926046,heavy,1.330344000195378,317.192743166228,2026-08-23 21:07:56.411610
3.0,0.5682867045617024,28.447756605191767,light,1.724259114346765,258.00948599407,2026-08-23 21:08:56.411610
3.0,0.7118443802181565,28.775032069114943,medium,2.2055954345578757,208.34563881607804,2026-08-23 21:09:56.411610
3.0,0.4330737447473718,27.79014580747552,idle,1.343539928920809,492.6751172531882,2026-08-23 21:10:56.411610
3.0,0.8428197931709687,27.04097096199753,heavy,2.5720204212226374,165.82879058606363,2026-08-23 21:11:56.411610
3.0,0.5850077175379934,30.594729705478265,light,1.7974913876378396,252.74897207533505,2026-08-23 21:12:56.411610
3.0,0.9243134333306663,31.68215108990247,heavy,2.6950918218723725,160.12156483028775,2026-08-23 21:13:56.411610
3.0,0.5201074645603843,28.282984570080835,light,1.4906218525402248,275.3592744394341,2026-08-23 21:14:56.411610
3.0,0.5889278582839607,28.749214724132166,idle,1.7657728872743412,360.840463654197,2026-08-23 21:15:56.411610
3.0,0.5890526518534016,29.148349863879826,heavy,1.7554486950143822,243.84512072598613,2026-08-23 21:16:56.411610
3.0,0.4453708431969515,28.815117130956278,idle,1.3281207018475836,483.4377920774984,2026-08-23 21:17:56.411610
3.0,0.7510279625020506,29.168525616136094,idle,2.232407406741453,284.143142074217,2026-08-23 21:18:56.411610
3.0,0.7679944277738255,30.61588677049472,light,2.2933120537182283,184.72235530659535,2026-08-23 21:19:56.411610
3.0,0.5555472275760476,30.871157338736495,light,1.7059952748875473,256.33239559939307,2026-08-23 21:20:56.411610
3.0,0.8754825360431256,29.709437103440802,medium,2.5896995675166035,162.78118586422443,2026-08-23 21:21:56.411610
3.0,0.9102309805926722,29.221742328424327,medium,2.809913560382746,163.14047518282564,2026-08-23 21:22:56.411610
3.0,0.9324591420629246,31.026062704438807,heavy,2.803110336041019,150.05276397590518,2026-08-23 21:23:56.411610
3.0,0.6065344867000141,29.01234872996164,medium,1.8568193858216335,237.79626563888013,2026-08-23 21:24:56.411610
3.0,1.0750888095134177,29.454539514340045,medium,3.2014208292125224,130.16130368056992,2026-08-23 21:25:56.411610
3.0,0.5414914529035022,29.227338457296355,medium,1.5965703885971678,262.8944933486813,2026-08-23 21:26:56.411610
3.0,0.5635377318368227,28.754825421657166,idle,1.7529847105157617,380.0195780854407,2026-08-23 21:27:56.411610
3.0,0.785574825360351,28.84065071972547,heavy,2.309608216918626,172.91528440748644,2026-08-23 21:28:56.411610
3.0,0.762028081084076,30.097481874057543,heavy,2.176019244287438,195.22247712685976,2026-08-23 21:29:56.411610
3.0,0.6615483272154055,28.12009260896188,idle,1.9869617301355622,324.474655588413,2026-08-23 21:30:56.411610
3.0,0.6985346484215642,30.985948600223313,heavy,2.0187447186136303,201.6514576496201,2026-08-23 21:31:56.411610
3.0,0.7036304692019615,27.70368817794585,heavy,2.128273441123133,195.31917217791408,2026-08-23 21:32:56.411610
3.0,0.877627207537533,28.1877848363314,idle,2.604572810091442,247.39438804336942,2026-08-23 21:33:56.411610
3.0,0.7694076759390156,28.90170268878618,idle,2.370540507723608,285.0680757038179,2026-08-23 21:34:56.411610
3.0,0.952215295413589,28.573045723089454,medium,2.8633459682659,154.8440840400977,2026-08-23 21:35:56.411610
3.0,0.72563233197397,29.036210120280334,medium,2.2004934363847393,196.967373582031,2026-08-23 21:36:56.411610
3.0,1.184442147400307,27.60701690781417,medium,3.5530676160576946,123.19112185669997,2026-08-23 21:37:56.411610
3.0,1.1848967101407488,30.375385320036937,light,3.5556899111493157,119.13248742272964,2026-08-23 21:38:56.411610
3.0,0.7223536988002122,29.30048106434691,light,2.0793123192161946,204.32641099544986,2026-08-23 21:39:56.411610
3.0,0.8282802223976563,28.144654789514995,heavy,2.4725503761111187,169.2042620645951,2026-08-23 21:40:56.411610
3.0,0.5545955473990632,27.440965549711027,heavy,1.6660327774880517,260.1632091657777,2026-08-23 21:41:56.411610
3.0,0.9038977088170428,30.25366994749147,idle,2.7324205800696935,232.56011138217679,2026-08-23 21:42:56.411610
3.0,0.8434329174482458,29.55208084848731,light,2.526998297863075,171.75082796053505,2026-08-23 21:43:56.411610
3.0,0.9472022759616068,27.880913229693448,heavy,2.8426151572287934,143.33383302842654,2026-08-23 21:44:56.411610
3.0,0.7148437908079291,29.079271458330766,medium,2.1840375061705997,191.11874920999557,2026-08-23 21:45:56.411610
3.0,1.0191709928613695,29.211337377718213,idle,3.0141889861663547,215.09402341201303,2026-08-23 21:46:56.411610
3.0,0.7131647538737691,29.064877857814118,heavy,2.175948380472494,191.745243432459,2026-08-23 21:47:56.411610
3.0,0.9311005900951983,29.663214338280717,heavy,2.6956027804274987,158.53202658323602,2026-08-23 21:48:56.411610
3.0,0.8793406383487418,30.52965769595443,medium,2.629728288960241,165.8249863839789,2026-08-23 21:49:56.411610
3.0,0.9514907942994822,30.802265730408788,heavy,2.7569827541665997,142.4082820087251,2026-08-23 21:50:56.411610
3.0,1.2666148675727469,29.915761350325056,medium,3.8357065260944894,110.39829283573866,2026-08-23 21:51:56.411610
3.0,1.041806543639743,28.959671438746316,heavy,3.145714789418533,142.31952825907558,2026-08-23 21:52:56.411610
3.0,0.988086727886266,27.30629073995724,light,2.9914079997600416,126.83466465418675,2026-08-23 21:53:56.411610
3.0,0.9094692523742874,30.985936140358923,idle,2.7244695307817794,233.99774048983988,2026-08-23 21:54:56.411610
3.0,0.9100909848172488,30.552383655516852,idle,2.8174279240049365,240.10557502080823,2026-08-23 21:55:56.411610
3.0,1.278622632771358,30.646094062173628,heavy,3.862590427295095,117.94578511528545,2026-08-23 21:56:56.411610
3.0,0.5813757297686748,31.980089072726415,heavy,1.8116518209497712,246.01040360321832,2026-08-23 21:57:56.411610
3.0,0.9885364186469126,30.235718909882205,light,2.959705884096145,141.38951139106246,2026-08-23 21:58:56.411610
3.0,1.106572414936067,29.551365445351873,medium,3.3258783419323783,128.52457531063706,2026-08-23 21:59:56.411610
3.0,0.7825252069691896,29.182323622799377,medium,2.3606233336139253,188.12090431835568,2026-08-23 22:00:56.411610
3.0,0.7423616286536021,27.31640248223044,medium,2.21110310433381,198.3927396379555,2026-08-23 22:01:56.411610
3.0,1.1243520940733889,30.56339678373655,idle,3.434650246936726,197.54096754318667,2026-08-23 22:02:56.411610
3.0,1.0063209455898294,28.90545816897538,heavy,3.0606877756659845,144.69428375927347,2026-08-23 22:03:56.411610
3.0,1.2717556126454623,26.568937793481567,light,3.8773465898614483,111.17413785167476,2026-08-23 22:04:56.411610
3.0,1.0682627370297597,30.827019965374276,medium,3.196735749637139,137.88025751005128,2026-08-23 22:05:56.411610
3.0,0.9576025849091221,28.973689288416136,idle,2.9192456356509306,231.72382843996442,2026-08-23 22:06:56.411610
3.0,0.9136319915602578,30.43135220823441,light,2.7053425653540515,167.34666715505247,2026-08-23 22:07:56.411610
3.0,1.2513318814854584,28.488005201786162,light,3.7389545365596772,118.75046414178469,2026-08-23 22:08:56.411610
3.0,1.0937504213730023,30.367792506144898,heavy,3.191160838706896,130.7730351754465,2026-08-23 22:09:56.411610
3.0,1.0872811641425817,28.94887632372029,heavy,3.167954104685749,135.1028857512142,2026-08-23 22:10:56.411610
3.0,1.135111127093706,28.56317592132613,light,3.384503252449885,128.0922701967825,2026-08-23 22:11:56.411610
3.0,1.0994607273103885,28.3993187844785,heavy,3.3028102702616136,128.82896603919164,2026-08-23 22:12:56.411610
3.0,1.3923208195901995,29.11088493422569,medium,4.149366066052412,99.3072907259109,2026-08-23 22:13:56.411610
3.0,0.6174560320735507,29.654674691274707,idle,1.902909531085931,347.83556944162973,2026-08-23 22:14:56.411610
3.0,0.8306665648435555,31.199660203660045,idle,2.481461212287018,262.1626622312246,2026-08-23 22:15:56.411610
3.0,0.8670649986579514,30.192512259959706,medium,2.6677802661265955,168.57820218239246,2026-08-23 22:16:56.411610
3.0,1.1700626236892548,32.18166525122484,medium,3.4926608288521033,132.6606172725559,2026-08-23 22:17:56.411610
3.0,1.0042875455222147,29.519121143018644,idle,3.0003556532369107,212.57383586752997,2026-08-23 22:18:56.411610
3.0,0.9248651593240674,29.45655620748902,heavy,2.8335895822808,153.0073508504728,2026-08-23 22:19:56.411610
3.0,0.9655265046698904,28.2605694898365,light,2.9417787868855787,147.1896963758897,2026-08-23 22:20:56.411610
3.0,1.2612875905287393,30.13923551754429,light,3.8383171841040307,117.62252958665255,2026-08-23 22:21:56.411610
3.0,0.6786177281897269,31.1897115028806,medium,2.0680734629044992,211.07552021898894,2026-08-23 22:22:56.411610
3.0,0.6840433020182389,27.55307820396291,light,2.0955114285091536,207.41150524655657,2026-08-23 22:23:56.411610
3.0,0.8530238350244067,27.96019312824133,idle,2.49018947654504,258.3177681764397,2026-08-23 22:24:56.411610
3.0,1.1696654902573589,28.81918692753671,heavy,3.469292970736344,122.07242535441584,2026-08-23 22:25:56.411610
3.0,0.6823721998148576,29.385680425055757,heavy,2.1093684963544224,203.61117512748984,2026-08-23 22:26:56.411610
3.0,0.9844694474411414,30.90170662698017,medium,2.950241483373258,145.32188953814963,2026-08-23 22:27:56.411610
3.0,0.6499830578947451,32.16323232687442,light,1.9865156358933147,224.45165215816743,2026-08-23 22:28:56.411610
3.0,0.6871205868027259,29.59391041877825,idle,2.1115399995190542,308.3509265785533,2026-08-23 22:29:56.411610
3.0,1.0278130546836155,31.116925270581135,heavy,3.034151824603092,128.59967472791067,2026-08-23 22:30:56.411610
3.0,1.4198955734965197,28.036386345401073,idle,4.263815642852942,136.22625172612683,2026-08-23 22:31:56.411610
3.0,1.0009416793779216,28.689390393609656,idle,2.9261745367606036,224.328537626945,2026-08-23 22:32:56.411610
3.0,1.0967960313348701,29.520065009207862,medium,3.3368102491411644,127.64834399128304,2026-08-23 22:33:56.411610
3.0,0.4949539606383575,30.128621492139246,heavy,1.4380907551982027,286.2378522041656,2026-08-23 22:34:56.411610
3.0,0.9887087910007956,31.24821751832251,light,2.9590819743282455,149.5285948186298,2026-08-23 22:35:56.411610
3.0,0.4686640940857745,28.59836485128078,light,1.4484123593098264,312.5069932782002,2026-08-23 22:36:56.411610
3.0,0.8280326910956328,29.804901589667416,idle,2.437516050658257,263.4747364489545,2026-08-23 22:37:56.411610
3.0,0.6222377786527942,28.443311092762766,light,1.7420794280496146,232.6017256023299,2026-08-23 22:38:56.411610
3.0,0.9182519064090798,28.491403689948896,medium,2.8435956132099265,151.13809388307945,2026-08-23 22:39:56.411610
3.0,0.6755406039157632,29.570791786854294,light,2.033625224519204,204.73511726426875,2026-08-23 22:40:56.411610
3.0,0.8008323574723324,29.922849405400825,heavy,2.3903829075207645,172.6448381541127,2026-08-23 22:41:56.411610
3.0,0.8766145722302889,29.24637456988659,heavy,2.627314641595842,162.39978961543994,2026-08-23 22:42:56.411610
3.0,0.6385897425803461,29.254856243988446,idle,2.064774069603502,333.71856448957897,2026-08-23 22:43:56.411610
3.0,0.7166270157492046,26.53149306822873,light,2.1744895325606683,194.12571140173432,2026-08-23 22:44:56.411610
3.0,0.3708546009101049,30.858788247866215,medium,1.1968194110554677,383.9958101535126,2026-08-23 22:45:56.411610
3.0,0.6597517621201475,28.26148556486241,idle,1.9989630687807856,322.4996986364497,2026-08-23 22:46:56.411610
3.0,0.5083146666480864,29.326797771742527,medium,1.5571743725811904,280.6085792934367,2026-08-23 22:47:56.411610
3.0,0.7991803831489503,29.51351153717291,heavy,2.3845600866690675,177.2752527887391,2026-08-23 22:48:56.411610
3.0,0.6049852361909256,31.784477748710565,medium,1.8197278624423794,251.69606850415872,2026-08-23 22:49:56.411610
3.0246246218776425,0.6707801885405649,28.3349476965761,medium,2.061229594564601,209.67915501886972,2026-08-23 22:50:56.411610
3.0311962903091345,0.9245641915930594,30.759521891750683,heavy,2.8716246961735132,149.9819901993832,2026-08-23 22:51:56.411610
3.0825471889346283,0.5244497367029863,30.11877801212514,idle,1.7032669152911684,420.25738136644236,2026-08-23 22:52:56.411610
3.0753219292282825,0.5565752839111051,30.258543046391306,light,1.7287441221947935,249.9300186834261,2026-08-23 22:53:56.411610
3.0655097617442806,0.5185478449160774,27.388815037521738,idle,1.5731491068147818,416.08340551276393,2026-08-23 22:54:56.411610
3.0918985372309424,0.6366020986035086,29.877831123963816,medium,1.971876870352581,226.61563551902736,2026-08-23 22:55:56.411610
3.143198100913773,0.6735960893399001,30.079724002149437,idle,2.075958492860473,320.8522264833154,2026-08-23 22:56:56.411610
3.173160248935312,0.6876694246237066,29.234111688624942,idle,2.1169959574990944,315.58036859809977,2026-08-23 22:57:56.411610
3.161505409358745,0.5192645534958269,27.595686219440076,light,1.7079022956933207,274.5836642015902,2026-08-23 22:58:56.411610
3.2141332043674304,0.37394826462104663,30.255864257805626,heavy,1.1916843348542183,380.3563734124298,2026-08-23 22:59:56.411610
3.195907315096408,0.5318051836532592,30.76432298341309,heavy,1.719121148065514,273.5983845384926,2026-08-23 23:00:56.411610
3.2511274002140667,0.37060491076894103,30.399747775091384,light,1.2748253608334048,390.33296713651964,2026-08-23 23:01:56.411610
3.253040597820297,0.5524065085028722,28.558632038387408,light,1.753648815326282,262.37689879577573,2026-08-23 23:02:56.411610
3.277414011083576,0.007430035410136482,31.4188998081478,light,0.020155107556434602,14402.442058857765,2026-08-23 23:03:56.411610
3.304657357443039,0.32256823428567405,30.614659512411514,light,0.9722810320151829,449.94023097968153,2026-08-23 23:04:56.411610
3.3404809568461302,0.18755780429021646,29.490054734596615,medium,0.6971390554414538,759.0830315943374,2026-08-23 23:05:56.411610
3.3049879161193716,0.3807147213518671,30.9370858128804,idle,1.1737713362851387,568.8976316109051,2026-08-23 23:06:56.411610
3.352415716273298,0.7586258123231273,31.649001237616847,idle,2.5539249661371284,286.05928954812845,2026-08-23 23:07:56.411610
3.335576240698671,0.3608011926612674,28.03272778490857,heavy,1.2367043601186367,406.04455554694374,2026-08-23 23:08:56.411610
3.387987199719376,0.39959388128367834,31.49931711964998,heavy,1.4000738582912826,357.7759039085556,2026-08-23 23:09:56.411610
3.40527122018876,0.2741780371529271,29.688132670031315,medium,1.0213610974126046,535.416914760881,2026-08-23 23:10:56.411610
3.434320139621072,0.5496228173534451,31.436912290339887,idle,1.8983342709929623,392.45887620742144,2026-08-23 23:11:56.411610
3.4562905068156655,0.17431001565553444,26.57267887237191,heavy,0.5686403126993288,823.3120766995391,2026-08-23 23:12:56.411610
3.4613835206970536,0.3892978391256843,28.56071790008722,light,1.3777787330955351,352.40509040154393,2026-08-23 23:13:56.411610
3.449235461860492,0.57295957708886,30.61047951425852,medium,1.9309590549319455,262.2630873603849,2026-08-23 23:14:56.411610
3.498125888393918,0.10091423069335764,28.445085566724238,heavy,0.3900263909868326,1423.863384209322,2026-08-23 23:15:56.411610
3.5119930557132757,0.2038051402115591,28.16530699126004,heavy,0.7170968412342797,701.6279294568781,2026-08-23 23:16:56.411610
3.505995844779704,0.1453704789512132,32.38504106433435,idle,0.4353247720129223,1484.5293793984185,2026-08-23 23:17:56.411610
3.499652270128547,0.397210458355278,30.128554970109715,medium,1.3973705795235378,355.54965402820636,2026-08-23 23:18:56.411610
3.540262527726377,0.5411399963477076,29.833739350002023,medium,1.8413906441379804,261.72371266685167,2026-08-23 23:19:56.411610
3.595804597710415,0.28834397353556757,29.42130937425639,idle,1.052134691347507,751.0005436149935,2026-08-23 23:20:56.411610
3.5532815937893742,0.2725808808910331,30.58276885323447,heavy,0.9070730786800435,526.4302216324504,2026-08-23 23:21:56.411610
3.6003459307621815,0.2546118059996591,29.963927667642615,light,0.8459470377607249,561.7812116019577,2026-08-23 23:22:56.411610
3.6349434621823495,0.20388891431143302,27.39674759026302,idle,0.7167504820228197,1062.2186075329416,2026-08-23 23:23:56.411610
3.6107428697023813,0.08498167189679073,30.060405848717348,medium,0.30453305065986835,1693.5760667101442,2026-08-23 23:24:56.411610
3.6435188668395257,0.11569655207675739,28.807294639351394,medium,0.3152788810018618,1243.7143747753537,2026-08-23 23:25:56.411610
3.70372102463871,0.5378068878394944,30.43952964709895,medium,1.9022540770433785,264.8581960785392,2026-08-23 23:26:56.411610
3.649496943430911,0.03822954269130141,29.585824410163106,light,0.11706922725322084,3766.2364226992436,2026-08-23 23:27:56.411610
3.701148506871471,0.3565526383793781,31.918364449334643,light,1.2427428190979688,403.9165704810002,2026-08-23 23:28:56.411610
3.710480457154564,0.02949170560239084,30.366046611805295,light,0.1680351365344267,4877.3297866815965,2026-08-23 23:29:56.411610
3.7524802133444717,0.45162729160096043,28.155670368415592,idle,1.789696915151523,485.12662698967705,2026-08-23 23:30:56.411610
3.7379604578925165,0.24761157688126725,28.159853328891426,heavy,0.886897311955201,582.8980176328611,2026-08-23 23:31:56.411610
3.727795485918393,0.1802805837031038,28.58969317852148,medium,0.6949642102515484,784.0419918247351,2026-08-23 23:32:56.411610
3.76648035027774,0.268352475698569,29.940519099268148,idle,1.0176689005944144,804.3332524979886,2026-08-23 23:33:56.411610
3.7991508655433,0.6242246394067802,29.72196150144842,heavy,2.470627443656205,229.03701806707363,2026-08-23 23:34:56.411610
3.808072851168261,0.22000364240363707,30.859990131690047,light,0.8573410545882132,653.6308940858743,2026-08-23 23:35:56.411610
3.8309869334382665,0.14723251814629268,31.84411484562939,heavy,0.5677483005864814,979.4251314966682,2026-08-23 23:36:56.411610
3.8625911663452586,0.3001052378734373,31.44554662757248,light,1.1235273462252056,479.4204438367592,2026-08-23 23:37:56.411610
3.875707174158375,0.0890569607162953,29.801348265696767,idle,0.3615954784444526,2424.674839226239,2026-08-23 23:38:56.411610
3.9003313536555533,0.42278271092718456,30.033640202130407,light,1.5818150733196121,344.20398284473606,2026-08-23 23:39:56.411610
3.873882771063746,0.22884211782242037,32.183635073716054,medium,0.9570029706412717,637.4867088869001,2026-08-23 23:40:56.411610
3.8948461098891927,0.24457275026437122,32.107743572394824,medium,0.963415367501757,587.0991393580978,2026-08-23 23:41:56.411610
3.9087021586097044,0.43865676938666104,27.030739697691008,idle,1.6767075058149774,484.99628987614324,2026-08-23 23:42:56.411610
3.9255893358213956,0.2727596322694509,28.537239799150218,medium,1.0588254228128744,524.7020481960514,2026-08-23 23:43:56.411610
3.9643093446390614,0.15119588124153738,27.92243592773908,idle,0.6176573004247924,1423.3904005831027,2026-08-23 23:44:56.411610
3.977314245978166,0.4298198853684066,30.163418809206256,heavy,1.736243785810678,339.49600296075084,2026-08-23 23:45:56.411610
3.9778167798823314,0.30528412514709835,30.268512591273073,light,1.1958871205537216,475.5317268670572,2026-08-23 23:46:56.411610
3.9895031832585333,0.06391315038123754,30.74953112736855,light,0.1881256072004155,2251.4255859826876,2026-08-23 23:47:56.411610
4.014673854324772,0.3812392378880246,27.845326899212676,light,1.5462366239803043,379.0515956594913,2026-08-23 23:48:56.411610
3.9705913338212127,0.5023281745680463,29.251930865541624,heavy,2.0204934201914337,285.5216094967242,2026-08-23 23:49:56.411610
4.0022060450315635,0.3303946044608261,30.10382907970729,light,1.3301844944512806,435.9372396200498,2026-08-23 23:50:56.411610
4.027495291923497,0.3469541901776947,31.539094713759575,medium,1.3853839924198625,411.41932921370545,2026-08-23 23:51:56.411610
4.023875922118951,0.5962115005404487,30.50365055371411,light,2.374230022908188,234.19148280050868,2026-08-23 23:52:56.411610
4.042858035888965,0.6295746554211014,31.658120978953853,idle,2.53928502089303,340.0999477206671,2026-08-23 23:53:56.411610
4.032499938239166,0.1951750870345752,29.78246879843119,heavy,0.8035514816507667,738.6730154092869,2026-08-23 23:54:56.411610
4.072322532611253,0.3989306029720749,28.57716824478467,heavy,1.6564755465941965,355.2273146969176,2026-08-23 23:55:56.411610
4.051064923744496,0.181870333554781,29.773355439004202,idle,0.7865024186928908,1185.912598797307,2026-08-23 23:56:56.411610
4.069389324592062,0.4584302060864982,31.86796978676694,idle,1.845249319526078,480.4959439259733,2026-08-23 23:57:56.411610
4.081569758155177,0.17551527352648175,31.38079676390532,medium,0.671393629793119,822.235856194262,2026-08-23 23:58:56.411610
4.131714169546927,0.9121805668038601,29.022651934827067,light,3.7874455507783233,144.9110013905528,2026-08-23 23:59:56.411610
4.076384276505757,0.1631279761540433,32.585017355729086,light,0.6838743677277703,882.482737158379,2026-08-24 00:00:56.411610
4.147153816296498,0.5343212542582703,29.04697704310255,light,2.149234676776375,266.23512270837665,2026-08-24 00:01:56.411610
4.132117476390056,0.24322967847256804,26.667449499128693,medium,0.9494605575991033,588.9580514672872,2026-08-24 00:02:56.411610
4.156834339026309,0.35358615764195395,27.904339777158572,medium,1.5148885413083102,399.92736516419995,2026-08-24 00:03:56.411610
4.136370230655097,0.17639107054769643,31.42532614043603,light,0.8221378854977107,813.1691374926014,2026-08-24 00:04:56.411610
4.131366006635659,0.48620374901183866,29.09291436290655,light,1.9646067327767596,293.811292279523,2026-08-24 00:05:56.411610
4.148303825646302,0.35724325429242115,31.087562719085174,light,1.4403213624348434,403.99687673363053,2026-08-24 00:06:56.411610
4.172067477150141,0.2380581944412252,32.03052782237007,idle,1.0067319307727434,904.7501851925908,2026-08-24 00:07:56.411610
4.160623286662906,0.1870347035090532,27.64417343070199,heavy,0.734081281890519,770.3913943402841,2026-08-24 00:08:56.411610
4.139158606037754,0.6981311732726035,32.13089609228642,heavy,2.8799548248662217,208.0912737659201,2026-08-24 00:09:56.411610
4.192321946892173,0.3509987343467511,28.99708762311872,heavy,1.5650557904038638,411.3402936316801,2026-08-24 00:10:56.411610
4.176662539158953,0.5103490861766073,28.938403612349195,medium,2.0745834164420276,278.22720836273265,2026-08-24 00:11:56.411610
4.18996234413332,0.4924579989515137,29.107511366518736,idle,2.0124079961851833,441.1493057704475,2026-08-24 00:12:56.411610
4.160820130896601,0.49873878233284924,28.90935215455057,idle,2.1236450827576188,439.6985022150283,2026-08-24 00:13:56.411610
4.179025784144807,0.715011557783537,29.202183070110895,light,2.957540128491053,206.16284848770758,2026-08-24 00:14:56.411610
4.21802749549996,0.44646902982014813,27.11345427811997,medium,1.9296401616103,327.5605110734868,2026-08-24 00:15:56.411610
4.1935194393942545,0.7408598518392884,28.072090396896034,medium,3.105456856847248,203.83770237388856,2026-08-24 00:16:56.411610
4.189684275925261,0.4930488863906059,30.85176483727911,heavy,2.0533132585023335,288.667611613266,2026-08-24 00:17:56.411610
4.158436820049058,0.787504946627007,28.526786470785968,medium,3.2529076633811713,176.30228131060704,2026-08-24 00:18:56.411610
4.193950977072263,0.5154128816346312,28.091461065203568,idle,2.2191458240549315,414.5246790737676,2026-08-24 00:19:56.411610
4.194355036169949,0.34156417663989347,29.552548891306806,idle,1.5191639302626727,634.3788981049199,2026-08-24 00:20:56.411610
4.197442941016633,0.5463342419134173,29.025652127355418,heavy,2.253143998105258,261.89704571855003,2026-08-24 00:21:56.411610
4.197608451918675,0.918746465054338,30.539035056193523,heavy,3.905949587257562,149.64002695068027,2026-08-24 00:22:56.411610
4.232947900108466,0.7928159282468376,28.445636334841584,heavy,3.401640934432734,184.82601661541176,2026-08-24 00:23:56.411610
4.213993269647047,0.42994332569544147,27.172962320055046,medium,1.826388938290675,337.5034916660086,2026-08-24 00:24:56.411610
4.2069051731475575,0.9184347633896781,27.81023844749713,idle,3.880208105891774,236.68395312903448,2026-08-24 00:25:56.411610
4.182646853218223,0.6118250964648522,30.132113634357044,heavy,2.567699719957657,236.9390246013923,2026-08-24 00:26:56.411610
4.170543452367831,0.5352082750254249,30.34837621323406,heavy,2.231926191553179,263.37501061097447,2026-08-24 00:27:56.411610
4.199123177734466,0.7190183308349599,32.22573479383208,idle,3.030079572752009,304.94492061552074,2026-08-24 00:28:56.411610
4.1777265332306275,0.6326532132296294,30.851150240503404,idle,2.6108388794204567,347.28883997579436,2026-08-24 00:29:56.411610
4.200364832051475,0.721033511216044,30.807265625078927,idle,3.015007119186166,304.1664659438053,2026-08-24 00:30:56.411610
4.176596762874606,0.6578458124589861,31.75953400140546,light,2.8346245964287617,213.91561886540381,2026-08-24 00:31:56.411610
4.196693003678288,0.5977914352676127,30.577039660645045,idle,2.475033658355065,365.84673347711913,2026-08-24 00:32:56.411610
4.189228639321392,0.4583103865457741,26.649968361525758,light,1.9695061848375186,312.7440319813437,2026-08-24 00:33:56.411610
4.184425502489981,0.9631552562963428,28.435638926524703,medium,4.04087494090915,159.1765168812344,2026-08-24 00:34:56.411610
4.1530407393333935,0.7004257348957769,27.826851663133393,medium,2.936780980593778,211.04941162955214,2026-08-24 00:35:56.411610
4.15581828519879,0.8011394419899783,27.936692960291168,idle,3.2703026083919267,266.3473440379127,2026-08-24 00:36:56.411610
4.181855709052255,0.8465082767272878,30.5923719453037,light,3.575640417881699,166.73360957850406,2026-08-24 00:37:56.411610
4.1642543194247,0.6983531505662255,29.67147591187409,light,2.9807820235340525,208.71257986386118,2026-08-24 00:38:56.411610
4.156420197284264,0.7839642459046312,29.618754229120594,light,3.1753180552255706,185.08899219316942,2026-08-24 00:39:56.411610
4.150497335565346,0.8858678761333081,27.225636889421295,idle,3.5811357826708607,244.90218520068095,2026-08-24 00:40:56.411610
4.170466393354092,0.9587862779156933,30.226503110229224,idle,3.9829789990799225,226.45654555751116,2026-08-24 00:41:56.411610
4.116177081236314,0.7872200943927898,29.846984412782913,heavy,3.2779851332243535,176.17711480958434,2026-08-24 00:42:56.411610
4.129359654639734,0.8109599326603638,27.53149787648216,medium,3.3778900040063973,171.8358111539823,2026-08-24 00:43:56.411610
4.13113202108862,0.914013873514165,30.443348146032655,heavy,3.7345683053172514,160.44107036093496,2026-08-24 00:44:56.411610
4.098342030344171,1.0395730039796696,31.51929431237846,heavy,4.259709090389312,135.14213489466445,2026-08-24 00:45:56.411610
4.13299207686067,0.3636112477668213,29.682424395097833,medium,1.4867849331070722,398.83810853695104,2026-08-24 00:46:56.411610
4.141804595605419,0.9518802506406147,29.807521238690185,idle,3.95065461095518,230.15279055652448,2026-08-24 00:47:56.411610
4.086868240692077,0.7712919851177108,30.0751493674775,heavy,3.12250376448624,186.29546208085364,2026-08-24 00:48:56.411610
4.1161492896606955,0.8345615971050938,30.772634780294247,medium,3.4474065720825657,166.81534108719865,2026-08-24 00:49:56.411610
4.063755122441753,0.9715971807457577,28.990339487926253,light,3.913845625475346,145.78894556767455,2026-08-24 00:50:56.411610
4.060295540475689,1.2933622432476546,28.592806122382665,medium,5.303341731878354,101.15498598433095,2026-08-24 00:51:56.411610
4.0479654274396255,0.8224201864954873,29.460709148529876,light,3.3711167665981105,175.88280273535904,2026-08-24 00:52:56.411610
4.062756290301564,1.0838023293627945,29.125326538385213,medium,4.3450277356216125,132.8245248597595,2026-08-24 00:53:56.411610
4.000224461409517,0.8615174480829116,28.40505790405124,medium,3.401360018029591,173.76594372628944,2026-08-24 00:54:56.411610
4.046475908003763,0.8318768519710055,29.25608489374127,heavy,3.4051017619931656,173.56055767851,2026-08-24 00:55:56.411610
4.023735657060954,0.9037921584410133,29.353189082236554,idle,3.7174410782143674,240.9022365203342,2026-08-24 00:56:56.411610
4.0201950535551765,0.8860651513988881,29.66938738529697,light,3.5984074574834426,166.3377041622413,2026-08-24 00:57:56.411610
3.9789111427741215,1.291799836764749,30.40462647719983,heavy,5.251391588558549,117.4415199752469,2026-08-24 00:58:56.411610
3.9901793347331815,0.8576451603743265,27.622595719815394,heavy,3.416104171799759,162.6385039625986,2026-08-24 00:59:56.411610
3.935783736230769,0.9131039921028716,28.563182331697845,idle,3.5874203582966624,239.00828990654367,2026-08-24 01:00:56.411610
3.9698813136106423,0.9486382702201772,29.104190645423213,medium,3.7858346950604402,156.86979173767511,2026-08-24 01:01:56.411610
3.956452828723783,0.783945088085605,28.06747281603581,light,3.0235295976019323,188.06159160009693,2026-08-24 01:02:56.411610
3.909011739016842,1.4388396443188434,27.99351983848153,light,5.791673717056071,95.89106204336547,2026-08-24 01:03:56.411610
3.953178461040932,1.353250347396972,30.601681386355978,idle,5.359159960051173,155.66938532912604,2026-08-24 01:04:56.411610
3.892032912413128,0.8647520854965881,28.685206889885283,light,3.3645321762294333,174.70490162011293,2026-08-24 01:05:56.411610
3.898256728524175,1.1017131746288573,30.16384568995209,idle,4.267625475289062,207.83395492792175,2026-08-24 01:06:56.411610
3.8889793524725174,0.8098739120741278,30.009118642055387,light,3.1742973167013933,178.23831439152346,2026-08-24 01:07:56.411610
3.8868522747038936,1.200432121066983,27.037240705597952,heavy,4.66983857180218,115.0719628634811,2026-08-24 01:08:56.411610
3.883432503692251,0.8539265562306542,27.51586890669635,heavy,3.3275829228960436,159.8810037396087,2026-08-24 01:09:56.411610
3.8467063453578247,1.219115052962194,28.169299695185426,light,4.7274088039541216,116.08690955380068,2026-08-24 01:10:56.411610
3.8200654664101177,0.9293713041871505,29.03074830125591,idle,3.6043382950161242,237.1387424794196,2026-08-24 01:11:56.411610
3.800809202245688,1.1516855362881464,29.10129815514949,heavy,4.286474999265292,122.76374124125869,2026-08-24 01:12:56.411610
3.816154092808186,1.2034525929506181,29.404478200628134,medium,4.633980974344471,115.70351735301759,2026-08-24 01:13:56.411610
3.77742048959885,1.2866317610503604,30.765655887237724,medium,4.9028055468732115,112.5584479164391,2026-08-24 01:14:56.411610
3.749416642524406,0.9239218625561637,29.880885239004577,idle,3.4031016734003234,234.06325748230802,2026-08-24 01:15:56.411610
3.722038271392005,0.7717291365875827,25.932338007650966,medium,2.9561549804662706,186.83865074746652,2026-08-24 01:16:56.411610
3.7438580759873834,0.8188495831941864,28.59493599854672,idle,3.075523816592184,265.4291681118743,2026-08-24 01:17:56.411610
3.70877706668844,0.8754375206162152,29.17085898283817,light,3.188577620288046,155.25508701493953,2026-08-24 01:18:56.411610
3.7043180911569835,1.0785792549445925,30.059700323657832,light,4.096832689443897,144.49198705406693,2026-08-24 01:19:56.411610
3.714255600773038,0.7513991630833212,28.698134077865966,heavy,2.764197511326744,190.27663365515517,2026-08-24 01:20:56.411610
3.668145870222812,0.7358494342990273,28.868296912866644,idle,2.699706177626681,301.60129660347735,2026-08-24 01:21:56.411610
3.6727916199649457,0.7153503877556002,25.113478838575787,idle,2.652493398194035,297.49138185351507,2026-08-24 01:22:56.411610
3.6123775795826973,0.6535754109733549,28.065397763832447,heavy,2.3846318109182785,224.0434705232855,2026-08-24 01:23:56.411610
3.6268436341845045,0.3704473998744391,28.044171787554234,heavy,1.373012656356183,386.89555925103514,2026-08-24 01:24:56.411610
3.602261102271065,0.8658946971839271,30.771941083934657,heavy,3.0686618755835893,167.4141405984043,2026-08-24 01:25:56.411610
3.585379284638817,1.1181540820033233,30.013348428231623,idle,4.002791613211036,193.7458987766602,2026-08-24 01:26:56.411610
3.5844472474561484,0.977467504692673,28.731641722743934,idle,3.5169425679489486,219.65680870405228,2026-08-24 01:27:56.411610
3.5529612975525606,0.709152704423503,29.350696571333664,heavy,2.500942771166599,195.70406914138357,2026-08-24 01:28:56.411610
3.530740370947447,1.1406522674531412,27.872875068323346,heavy,3.9243141903734404,130.74391236266456,2026-08-24 01:29:56.411610
3.5364197463710036,0.7258328082434156,29.802010170928636,heavy,2.522376064906446,204.30740810395775,2026-08-24 01:30:56.411610
3.5177785793174023,0.9356502012042098,30.212946729817048,medium,3.2139928245937486,155.53393661684007,2026-08-24 01:31:56.411610
3.4651624682273856,0.8840783510839165,29.08213169096747,heavy,3.029198270705128,159.43713196257428,2026-08-24 01:32:56.411610
3.440795145479763,0.6246207168413168,27.75408069163631,light,2.1556620107138147,228.49764401785853,2026-08-24 01:33:56.411610
3.417599034473016,0.8665302605000617,29.491949257523643,heavy,3.0411130917408586,165.76503081622184,2026-08-24 01:34:56.411610
3.3890392591950045,1.0035348758040374,26.64039868477765,light,3.406972801453912,152.31635809061825,2026-08-24 01:35:56.411610
3.3929344606216114,0.5414675799672486,27.406000913864258,heavy,1.8255150549013797,260.8142995878836,2026-08-24 01:36:56.411610
3.3971943383303618,0.7510523645397118,28.73694108420813,medium,2.545873756637561,183.25713093208924,2026-08-24 01:37:56.411610
3.334059833647708,0.8398750895848665,28.455037997740394,light,2.825147797394995,173.55389065332471,2026-08-24 01:38:56.411610
3.364767237735942,0.6873529848345814,29.499477838489714,medium,2.25022519548875,214.40975318881942,2026-08-24 01:39:56.411610
3.3652574746173944,0.6871127970182305,28.57017395703277,heavy,2.3541698535234694,217.36542198780992,2026-08-24 01:40:56.411610
3.3052505303804787,0.5965002774101661,28.958677311332277,medium,1.886552563130013,246.4787311906287,2026-08-24 01:41:56.411610
3.2853040473726898,0.6142121997606855,28.60797828442022,heavy,2.0657959386629954,235.7993532648348,2026-08-24 01:42:56.411610
3.2573625851698096,1.0931159424871766,28.064332616546515,heavy,3.536335996857067,134.63812222064024,2026-08-24 01:43:56.411610
3.272467390973465,0.6612750831717618,26.248418044152736,medium,2.2104699430500614,223.86454247534783,2026-08-24 01:44:56.411610
3.2265460296368036,0.8219139951470155,28.060050742047505,medium,2.6428776340316236,174.71715787483726,2026-08-24 01:45:56.411610
3.228658498599153,0.6355081312274955,28.715728157905435,idle,2.0599308371426646,328.79893334898964,2026-08-24 01:46:56.411610
3.2156941539776804,0.5022342333238182,28.054636967502013,heavy,1.6193439250772617,284.4377712257576,2026-08-24 01:47:56.411610
3.1662574802981003,0.8321587368576204,29.479781710170418,light,2.6145632810486337,172.16734585025117,2026-08-24 01:48:56.411610
3.1486744628986956,0.4063275969513617,26.988127739485698,idle,1.2950711848300145,531.876341512435,2026-08-24 01:49:56.411610
3.1393349344409986,0.8242000611191247,26.822749281603382,medium,2.5396294039917677,171.94690671922334,2026-08-24 01:50:56.411610
3.1152585858391397,0.7643236431016935,27.458348100559643,medium,2.3617479297270747,190.95629943571808,2026-08-24 01:51:56.411610
3.0928625461830075,0.41813830637053867,28.77589312895502,medium,1.2180410379691293,344.45665787950736,2026-08-24 01:52:56.411610
3.094260290024609,0.48936734924161046,30.07387546269559,medium,1.5436243803592093,292.93978067358165,2026-08-24 01:53:56.411610
3.1171035436079717,0.47453769084905895,28.917747834145146,heavy,1.5078866145453325,296.6610498334345,2026-08-24 01:54:56.411610
3.0740991155120367,0.46138302260017783,26.588001714548238,light,1.506012713361971,313.5763336432231,2026-08-24 01:55:56.411610
3.0164548981782318,0.9195280693024768,29.887386428018402,medium,2.774546072470033,159.11690685852773,2026-08-24 01:56:56.411610
3.028695472880638,0.4120301762929147,29.163015842427946,idle,1.2724331505980848,529.1943855394704,2026-08-24 01:57:56.411610
3.0338875610328455,0.8808545653519837,28.018549444055065,idle,2.676021129142176,248.25852443225222,2026-08-24 01:58:56.411610
3.0,0.7977553048448445,27.4411103759331,light,2.4599996471364203,183.60914849043513,2026-08-24 01:59:56.411610
3.0,0.4137376671857088,27.998907639103802,idle,1.2153295980230938,525.6461184349085,2026-08-24 02:00:56.411610
3.0,0.33941578714705767,26.311892091337903,idle,0.99478817581735,636.8550291311316,2026-08-24 02:01:56.411610
3.0,0.4961634464410326,25.28875043900413,medium,1.5544300192897127,292.8419574234372,2026-08-24 02:02:56.411610
3.0,0.28055572842314846,27.41004425547834,medium,0.8197690880316304,518.0242151418677,2026-08-24 02:03:56.411610
3.0,0.7707011766823801,28.486847069238166,idle,2.3496486125483758,280.12159643902004,2026-08-24 02:04:56.411610
3.0,0.5703530239532879,27.725079322865636,heavy,1.7452864546309028,251.83374798445791,2026-08-24 02:05:56.411610
3.0,0.6710226680474591,27.51837089262263,medium,2.083227400746824,222.93691540017562,2026-08-24 02:06:56.411610
3.0,0.17044318525518554,26.14977329543325,heavy,0.5150700216162304,839.3161943665016,2026-08-24 02:07:56.411610
3.0,0.5996456127705561,28.0524250307862,idle,1.815531482307167,358.0325149065116,2026-08-24 02:08:56.411610
3.0,0.3610857886739695,27.27706111737265,medium,1.0549292825587284,393.0666335192946,2026-08-24 02:09:56.411610
3.0,0.47894654199283293,30.473073135440483,idle,1.4168598767136351,453.01414873646104,2026-08-24 02:10:56.411610
3.0,0.2176852698613303,26.718297444078374,light,0.6096728417699662,661.1974445970013,2026-08-24 02:11:56.411610
3.0,0.6119904791081825,22.778556446265895,medium,1.9176101203582974,230.92719007352576,2026-08-24 02:12:56.411610
3.0,0.7015228300470475,29.132910590140476,light,2.1152968464590436,198.36114086444493,2026-08-24 02:13:56.411610
3.0,0.4638013547204788,26.87548509712342,heavy,1.4274273355092042,316.8491680754475,2026-08-24 02:14:56.411610
3.0,0.1540095371336282,28.78913643099912,light,0.42189847929803964,944.54428825497,2026-08-24 02:15:56.411610
3.0,0.6008674484899637,27.60158469107795,heavy,1.85575462187424,234.92968979059583,2026-08-24 02:16:56.411610
3.0,0.6071624920422548,27.00228412697092,light,1.8592602672147596,239.88883908892686,2026-08-24 02:17:56.411610
3.0,0.49115847888224773,28.769101599709828,heavy,1.4733645096129169,296.79509764491013,2026-08-24 02:18:56.411610
3.0,0.6954955904911989,27.847064758035756,medium,2.1422043611692296,205.3914175573838,2026-08-24 02:19:56.411610
3.0,0.39318581514722206,25.55534817461279,medium,1.1842906437794918,365.26459764216406,2026-08-24 02:20:56.411610
3.0,0.6031382134382002,28.261660475459685,heavy,1.7855860084586141,234.41557713097882,2026-08-24 02:21:56.411610
3.0,0.17393839431496128,29.059126028584718,light,0.564516773389331,824.3660638375777,2026-08-24 02:22:56.411610
3.0,0.3586327863573932,29.746141565076634,light,1.077621692230274,396.1807537326054,2026-08-24 02:23:56.411610
3.0,0.5339346786149777,27.959604933018195,light,1.6094082337636992,268.77043489510146,2026-08-24 02:24:56.411610
3.0,0.24946728939732163,27.35205535140497,medium,0.7700503972837325,585.9775470064587,2026-08-24 02:25:56.411610
3.0,0.4554306094883132,24.94500657480995,light,1.359544480891407,319.2434552871528,2026-08-24 02:26:56.411610
3.0,0.09077484658585933,27.90629661613408,medium,0.21724463412597866,1585.4843663287024,2026-08-24 02:27:56.411610
3.0,0.5414258467972919,27.446410077631842,light,1.5340344722442265,268.64627020324167,2026-08-24 02:28:56.411610
3.0,0.011445278277670223,28.648928843344407,idle,0.01639783812824251,18873.956253385986,2026-08-24 02:29:56.411610
3.0,0.25941200184930896,29.378674230873337,heavy,0.6636999254551011,550.0753239591379,2026-08-24 02:30:56.411610
3.0,0.3310238775338554,25.839007051626652,idle,1.0236454633690106,665.6817962134944,2026-08-24 02:31:56.411610
3.0,0.3054590143130568,26.166448507601782,light,1.0470969574809388,474.64409962852005,2026-08-24 02:32:56.411610
3.0,0.4848772462946537,27.355696691238677,heavy,1.4580286786315,282.8060126200433,2026-08-24 02:33:56.411610
3.0,0.054530541191444765,27.24598732996336,idle,0.07888523644984889,3959.861171301504,2026-08-24 02:34:56.411610
3.0,0.5680004957312346,26.950737172197957,light,1.7259597226176608,235.69720806026336,2026-08-24 02:35:56.411610
3.0,0.5206093714953592,26.51213393310758,heavy,1.5375299221675907,278.5382409899442,2026-08-24 02:36:56.411610
3.0,0.03738091206119115,27.880238565112993,idle,0.16346404662221878,5780.037366650956,2026-08-24 02:37:56.411610
3.0,0.2815749706450493,25.4264748897011,idle,0.8707641657833575,763.4377463431356,2026-08-24 02:38:56.411610
3.0,0.0670883008194692,28.15557458021972,idle,0.16039346450410974,3225.7624276966653,2026-08-24 02:39:56.411610
3.0,0.5456016180904519,29.835097401080546,light,1.6886237766002874,259.63766360561146,2026-08-24 02:40:56.411610
3.0,0.11519521921563382,26.196517530704586,light,0.3779867180002647,1252.4486737711861,2026-08-24 02:41:56.411610
3.0,0.43869384456426525,28.9410620801822,light,1.3742747747125386,324.5394944245502,2026-08-24 02:42:56.411610
3.0,0.0007231861427460518,26.96910679990411,idle,0.013571513429421955,21596.749469382354,2026-08-24 02:43:56.411610
3.0,0.10690762330779702,32.121788319953666,light,0.24804289081278214,1346.9574885117643,2026-08-24 02:44:56.411610
3.0,0.3685370044187014,29.549767896161985,idle,1.1137290223458396,587.9431425394413,2026-08-24 02:45:56.411610
3.0,0.033282221147899416,24.672848977628185,medium,0.17767145116592298,4327.139164143753,2026-08-24 02:46:56.411610
3.0,0.11306908343506185,26.87673463735119,idle,0.30352078071891947,1912.4166665552927,2026-08-24 02:47:56.411610
3.0,0.4251045680117339,29.243643286830316,medium,1.272914523184323,339.19424133618645,2026-08-24 02:48:56.411610
3.0,0.3185062943924173,28.87218845337323,heavy,0.9894797419983018,451.8407692758848,2026-08-24 02:49:56.411610
3.0,0.05066263685370287,27.251691813626998,medium,0.17620956883576777,2837.1534939534395,2026-08-24 02:50:56.411610
3.0,0.41660325967320366,24.770621995633,heavy,1.200100373536941,343.44735202723547,2026-08-24 02:51:56.411610
3.0,0.2661154779657981,26.281942188347244,medium,0.9167210196686261,549.6477357962457,2026-08-24 02:52:56.411610
3.0,0.19546647358460065,29.477979836104566,heavy,0.5006940790593175,727.1398879912265,2026-08-24 02:53:56.411610
3.0,0.1170546221443709,25.761117850333708,light,0.3053832888455329,1235.5400198028867,2026-08-24 02:54:56.411610
3.0,0.19722642943427984,28.499500376893405,idle,0.5360457068568868,1090.8385809414,2026-08-24 02:55:56.411610
3.0,0.035962493460021505,26.595923494379157,medium,0.07395019927236127,4008.7927353746572,2026-08-24 02:56:56.411610
3.0,0.15842325395415202,26.79746460543397,idle,0.4989892929004381,1356.2923197409752,2026-08-24 02:57:56.411610
3.0,0.46808522583174006,28.36291153464913,light,1.4164177266780869,307.6036848060463,2026-08-24 02:58:56.411610
3.0,0.06862252469052205,29.321904597788638,medium,0.1912338694159751,2094.0679675689084,2026-08-24 02:59:56.411610
3.0,0.24812888023080076,27.610279554502842,medium,0.738824732775361,576.9097102115933,2026-08-24 03:00:56.411610
3.0,0.2743734820737544,29.011853438435214,idle,0.8276392360042595,793.0246046236153,2026-08-24 03:01:56.411610
3.0,0.3925809761915926,26.35734237903602,heavy,1.1401504538160778,362.0768565130501,2026-08-24 03:02:56.411610
3.0,0.4438205982409801,27.74091797723722,heavy,1.3062246525502386,326.56910384455034,2026-08-24 03:03:56.411610
3.0,0.30586625181332344,27.399864242725897,idle,0.8906267437581781,703.4381342222714,2026-08-24 03:04:56.411610
3.0,0.6471550793470725,29.376262355163533,light,1.8771513509666748,219.43173164295325,2026-08-24 03:05:56.411610
3.0,0.3959516181894976,25.254310197809197,medium,1.185251642786194,360.7005653614854,2026-08-24 03:06:56.411610
3.0,0.3650727629265658,25.2562691860057,medium,1.086714295011532,399.5486984372991,2026-08-24 03:07:56.411610
3.0,0.17691312133451895,27.574146357819583,light,0.43292687184790585,812.4385115590801,2026-08-24 03:08:56.411610
3.0,0.13361436782025388,26.838625657276623,medium,0.44785820633343054,1082.6822431960895,2026-08-24 03:09:56.411610
3.0,0.5770931080560314,26.71275876587173,light,1.7662436200324285,244.5427691709172,2026-08-24 03:10:56.411610
3.0,0.1106142368138279,28.04292875586795,medium,0.4438111135306534,1302.6495690641875,2026-08-24 03:11:56.411610
3.0,0.31416662512137283,25.688088118649528,heavy,0.9887801901740786,452.22963748583726,2026-08-24 03:12:56.411610
3.0,0.2958852840826264,27.273114472272702,medium,0.7889900668101776,488.9677463101057,2026-08-24 03:13:56.411610
3.0,0.7293853356726535,26.664838157137698,idle,2.205107717384743,294.956027339672,2026-08-24 03:14:56.411610
3.0,0.47536536126760326,26.04310717430931,light,1.256892556414973,303.778545750572,2026-08-24 03:15:56.411610
3.0,0.6139408061199718,28.626793625747574,heavy,1.7874522566287625,230.3135732393667,2026-08-24 03:16:56.411610
3.0,0.288748090467971,27.253301195290778,medium,0.9241794367141146,495.94627745966835,2026-08-24 03:17:56.411610
3.0,0.5254924369933183,27.21438412093652,idle,1.5382540932988173,405.92125230571406,2026-08-24 03:18:56.411610
3.0,0.5328760478356481,28.420113503356,medium,1.7003365009104763,270.70725473847637,2026-08-24 03:19:56.411610
3.0,0.34076082040964606,28.47245790803441,idle,1.0853894444028764,638.7134892313743,2026-08-24 03:20:56.411610
3.0,0.5718108398924138,25.952341848872422,light,1.7521887099542162,257.1447964773633,2026-08-24 03:21:56.411610
3.0,0.7178713518842348,28.78483528925469,idle,2.165519906220059,302.65546407661196,2026-08-24 03:22:56.411610
3.0,0.3867384693604276,27.085316147734634,heavy,1.1784459932040448,375.4897551560906,2026-08-24 03:23:56.411610
3.0,0.4527288629493627,27.503805112995394,medium,1.3528968539577377,314.79875986322264,2026-08-24 03:24:56.411610
3.0,0.5736995212885226,27.112552703695382,medium,1.702183882702537,248.25818673359123,2026-08-24 03:25:56.411610
3.0,0.6040828042331082,24.60795731743891,medium,1.8415045815075919,233.17462119681795,2026-08-24 03:26:56.411610
3.0,0.3881580136595366,28.516603405088375,medium,1.150461320789644,370.0171300287795,2026-08-24 03:27:56.411610
3.0,0.4670484146697905,25.290403300695615,idle,1.4830991485550127,468.9859237082113,2026-08-24 03:28:56.411610
3.0,0.5234234167191961,28.26641775390571,idle,1.691161610096836,408.9127419926037,2026-08-24 03:29:56.411610
3.0,0.22386010657944017,28.709732111701246,medium,0.6804426634649008,647.1775356284691,2026-08-24 03:30:56.411610
3.0,0.6417380454038779,27.641653191753058,light,1.8450751658526032,220.88942006753237,2026-08-24 03:31:56.411610
3.0,0.5966293076045065,25.215792182192107,medium,1.7915234105290843,248.1749162499938,2026-08-24 03:32:56.411610
3.0,0.8916233856845217,25.914481896120357,idle,2.6702294555810275,243.31652206271374,2026-08-24 03:33:56.411610
3.0,0.8114730000417089,25.755708398670084,heavy,2.443896449265227,178.09565820023406,2026-08-24 03:34:56.411610
3.0,0.6135714928496572,27.831026479481878,light,1.8265159435523575,231.0747934905795,2026-08-24 03:35:56.411610
3.0,0.6550013160413963,25.214618893594846,medium,1.8763676830554568,219.45964726201544,2026-08-24 03:36:56.411610
3.0,0.5452654968077963,28.421364245219213,idle,1.595889628159472,401.33007742445005,2026-08-24 03:37:56.411610
3.0,0.580136128258665,23.03424606909413,idle,1.714411201568165,370.4226331030924,2026-08-24 03:38:56.411610
3.0,1.0371680195151378,27.698535789514512,medium,3.022437400408164,143.9338655201018,2026-08-24 03:39:56.411610
3.0,0.4576304499554703,24.33316995055877,medium,1.314045168699529,317.9028163767704,2026-08-24 03:40:56.411610
3.0,0.6787683308583439,25.23798668751048,idle,2.0990526746631497,320.2992383922331,2026-08-24 03:41:56.411610
3.0,0.6325284756686653,26.3258014513754,idle,1.9517715546965182,342.442468724051,2026-08-24 03:42:56.411610
3.0,0.6722462707197521,24.863133967168686,idle,1.9759268520425735,319.2048400898368,2026-08-24 03:43:56.411610
3.0,0.5765914785422044,26.65772127952527,light,1.7432842659979952,241.20342377632116,2026-08-24 03:44:56.411610
3.0,1.00493330192442,23.21478242891532,light,2.869403851385527,147.87901203282067,2026-08-24 03:45:56.411610
3.0,0.5807459908674728,27.322149629921576,medium,1.780438349880955,250.13995288021366,2026-08-24 03:46:56.411610
3.0,0.6999105277255041,26.70292154105665,light,2.0826048890971856,208.3999351728045,2026-08-24 03:47:56.411610
3.0,0.7022695691069821,25.732698544709994,heavy,1.9957826459746097,201.21961167604468,2026-08-24 03:48:56.411610
3.0,0.8890656324483287,26.410232479397425,medium,2.6934418326828786,161.32818479600923,2026-08-24 03:49:56.411610
3.0,0.7688991802278092,26.800157486055706,idle,2.3126299602148603,276.06572728037054,2026-08-24 03:50:56.411610
3.0,1.1927136364107596,26.984746009128934,heavy,3.5033956435404443,120.81903642252378,2026-08-24 03:51:56.411610
3.0,0.9376056824857024,27.1015483274467,medium,2.6739669226384706,156.88447826950198,2026-08-24 03:52:56.411610
3.0,0.5047057167905123,24.173673989489068,light,1.581971093594269,289.8081426863513,2026-08-24 03:53:56.411610
3.0,0.48244423171459827,23.157583926884993,medium,1.4618859593731783,296.57998653143335,2026-08-24 03:54:56.411610
3.0,0.8083967206446853,24.81985991734347,heavy,2.379215094124455,174.5956473540422,2026-08-24 03:55:56.411610
3.0,0.7501391612291961,26.084910966973613,medium,2.289157526140383,190.60980233802914,2026-08-24 03:56:56.411610
3.0,1.042251307175854,22.92636221069929,light,3.162876358456115,140.748459079585,2026-08-24 03:57:56.411610
3.0,0.6772579716992403,24.134166849396333,heavy,2.021937801974112,209.15548462300075,2026-08-24 03:58:56.411610
3.0,1.0504205343986417,27.093175943014657,light,3.0036321606128364,140.2334303390305,2026-08-24 03:59:56.411610
3.0,0.6770331710246144,26.690633479027838,heavy,2.0287028169969337,209.59398976813836,2026-08-24 04:00:56.411610
3.0,1.1265076005526695,26.271175652474987,heavy,3.3040127300721287,129.32442469252757,2026-08-24 04:01:56.411610
3.0,0.9506816685095054,27.17287222058691,light,2.9045517274244954,147.92807482880383,2026-08-24 04:02:56.411610
3.0332611318730005,1.7026790957025324,25.695754831358354,idle,5.185072786274539,124.35428226739884,2026-08-24 04:03:56.411610
3.0,1.4488782348731875,25.048536407250186,heavy,4.345119983979058,101.7520472077907,2026-08-24 04:04:56.411610
3.0485962095521977,1.3098540132240277,26.45860537460545,heavy,3.973816857905094,107.46064757910013,2026-08-24 04:05:56.411610
3.065166867900465,1.084717158516234,24.4579323118974,heavy,3.2760926183303476,136.7314813916937,2026-08-24 04:06:56.411610
3.0647317456133467,1.215541142581723,26.671125778775036,idle,3.75223325844131,172.28522231258424,2026-08-24 04:07:56.411610
3.1087378096964153,1.1490783338860626,27.14371985430036,medium,3.561730304803474,123.42257615683957,2026-08-24 04:08:56.411610
3.105865510747779,1.1896412848214275,26.373232557867215,medium,3.7730896671379113,122.2772028006212,2026-08-24 04:09:56.411610
3.1356235624362694,0.9158563824904503,27.155055197595832,medium,2.962371473108458,161.19303740835113,2026-08-24 04:10:56.411610
3.1638831352393337,1.146317919885845,23.87976695813725,medium,3.6788516091239725,122.53050713254872,2026-08-24 04:11:56.411610
3.1819037357514266,0.4842907565431491,23.905335114245904,light,1.5345159322354103,294.5166318279185,2026-08-24 04:12:56.411610
3.2187469860746014,1.0764765750573757,26.78831117668446,medium,3.4175719719946724,137.577852797789,2026-08-24 04:13:56.411610
3.198842348791703,1.0764522968402566,26.228387715299124,heavy,3.5131012535935753,135.2845830126019,2026-08-24 04:14:56.411610
3.222222853245631,1.280920997742101,26.218096029676932,idle,4.157153688658496,162.07310387072886,2026-08-24 04:15:56.411610
3.2712859647190933,0.7724128370942664,27.8106230026859,idle,2.5102649558955226,281.7110884130691,2026-08-24 04:16:56.411610
3.2566132891979995,0.9012618594264368,26.533463590745818,medium,2.948390908911425,154.28319380871307,2026-08-24 04:17:56.411610
3.2761474792683205,0.9897991212141501,23.146951122025847,medium,3.2375780501329188,143.73392392073845,2026-08-24 04:18:56.411610
3.2901237908580594,1.1747234632922674,26.98036454126961,light,3.892327058758157,125.15101433202695,2026-08-24 04:19:56.411610
3.315628335686939,1.0909882301580809,24.20082291880721,medium,3.5795483956519685,139.69170425350035,2026-08-24 04:20:56.411610
3.2991641395790534,1.2589099807190545,27.704717189438103,idle,4.076485996122877,170.61333993599104,2026-08-24 04:21:56.411610
3.358916372930352,1.1006825956343576,27.838301384555038,light,3.679894976073712,135.2945129030339,2026-08-24 04:22:56.411610
3.4149890203693323,0.9221591331545209,23.142787912314574,medium,3.226258987418182,152.75286751324106,2026-08-24 04:23:56.411610
3.383975324124911,1.0694736434343848,23.097210470184642,heavy,3.6113835367220117,136.14917273634768,2026-08-24 04:24:56.411610
3.4280212812685553,0.8929552469399002,26.813819437955516,idle,3.0494833346588623,243.25816751260166,2026-08-24 04:25:56.411610
3.4574129198418175,0.870245318128272,24.23890248719595,medium,2.969014185554686,168.76734108269497,2026-08-24 04:26:56.411610
3.455852716834595,1.4773674763452826,27.12084065558333,idle,5.19335571079109,153.40154483567298,2026-08-24 04:27:56.411610
3.4286544942304897,1.2738259546533028,25.37005234163311,medium,4.4247352071962265,120.3850336593311,2026-08-24 04:28:56.411610
3.458825186345985,0.8420074554949885,26.35158722938695,medium,2.878691360479729,161.88231966118352,2026-08-24 04:29:56.411610
3.5027848947683458,0.9947980063212281,26.634151598770725,idle,3.4997732257688385,216.84475028856664,2026-08-24 04:30:56.411610
3.4905352410351185,0.7246095894717418,24.662469246415192,heavy,2.610626733984109,199.93474375680017,2026-08-24 04:31:56.411610
3.5263178296678697,1.0868847571755123,23.79042866128352,medium,3.823526482514964,130.74833445326342,2026-08-24 04:32:56.411610
3.5331736136081964,0.9037544741341373,22.103330374585404,idle,3.1913437387502652,238.0964180423362,2026-08-24 04:33:56.411610
3.550721625516659,0.642871805415586,25.333211515155035,medium,2.3616406535169174,212.44531934771982,2026-08-24 04:34:56.411610
3.5718893553112054,1.1947241612991006,22.54726833432768,light,4.233233592556166,125.29237976030377,2026-08-24 04:35:56.411610
3.5900473009589393,0.5470901236235282,24.810943793110813,idle,2.0088688700806285,392.66005735368606,2026-08-24 04:36:56.411610
3.6135673039755276,0.7802964290542244,25.07002838126406,light,2.8431577553497958,179.88207962295974,2026-08-24 04:37:56.411610
3.635479731645286,1.2469253624474192,22.71193790913958,heavy,4.541555274543511,104.13952742822748,2026-08-24 04:38:56.411610
3.652078042131999,0.8671829497935534,25.214646291941712,idle,3.1846969506796934,233.57305199134007,2026-08-24 04:39:56.411610
3.6956262225989716,0.5229978072432273,25.652698682110486,medium,1.88279297137189,270.1863205909355,2026-08-24 04:40:56.411610
3.6833833534418274,0.9634157670594217,24.792554995656815,heavy,3.547970544947963,159.22560486048698,2026-08-24 04:41:56.411610
3.699692556610089,0.8908955223583931,23.871186509331963,idle,3.16557562566282,235.0492682409605,2026-08-24 04:42:56.411610
3.715850336530429,0.7908484091157302,24.71925084491884,idle,2.9562975215908978,274.8163110297803,2026-08-24 04:43:56.411610
3.7554383192059118,0.9697389479624694,24.810138223399246,idle,3.6226489101374884,221.83377313604274,2026-08-24 04:44:56.411610
3.74478586202192,0.7063604965988809,23.36865676863237,idle,2.6507609975344804,306.42372652065137,2026-08-24 04:45:56.411610
3.7433200476140156,0.6727220970572931,22.705367138876483,light,2.4588827077505884,208.12959676201555,2026-08-24 04:46:56.411610
3.7666439740342983,0.5595992413339324,27.462711929656813,heavy,2.173151122656211,259.56640893626667,2026-08-24 04:47:56.411610
3.7694672590398706,0.7572700320405714,24.735736451976504,medium,2.81717728172233,194.97442786859503,2026-08-24 04:48:56.411610
3.811083238212087,0.6741808459368283,25.280197970622215,light,2.5875107341983457,214.68443577975,2026-08-24 04:49:56.411610
3.804381946715033,0.6363200247790982,24.56739325547462,light,2.4481439875665036,226.7184991881036,2026-08-24 04:50:56.411610
3.87613371474067,0.8687608604012178,21.806887336841168,heavy,3.416874522480156,176.59188659411154,2026-08-24 04:51:56.411610
3.8658065536704145,0.5781163861059441,25.270901896704075,idle,2.2143391613644,372.98092166951034,2026-08-24 04:52:56.411610
3.8740904582508957,0.9049955298173071,24.403325262249677,medium,3.4440048076309413,166.71347200627463,2026-08-24 04:53:56.411610
3.8730630162494615,0.8004985338145039,27.241174980290673,medium,3.121642448731358,177.7984878984235,2026-08-24 04:54:56.411610
3.89260987157325,0.8133515525260189,21.442051034550605,medium,3.16728201723718,175.15790352600808,2026-08-24 04:55:56.411610
3.9267015025574525,0.4187727214618497,21.20844323049965,medium,1.708770415641508,346.195412610397,2026-08-24 04:56:56.411610
3.912557505369338,0.9164817516940923,23.984527454066857,idle,3.640738499501748,236.79989751889946,2026-08-24 04:57:56.411610
3.957890713216415,0.8038197337886241,26.124919007370472,idle,3.157822729888661,270.00124396395415,2026-08-24 04:58:56.411610
3.9870349542936485,0.7689719408993863,24.893777605968033,idle,3.0891569217998107,282.2799331391552,2026-08-24 04:59:56.411610
3.9488084970630455,0.4522099520765184,22.379991826389674,idle,1.8403965713380042,480.69465812325774,2026-08-24 05:00:56.411610
3.978365625043524,0.6325385107510582,23.237740925072465,medium,2.4512753016713873,228.20264427839874,2026-08-24 05:01:56.411610
3.9987324763179632,0.6842773964492873,22.079125502876405,light,2.781658538566303,199.29783972212405,2026-08-24 05:02:56.411610
4.011336148995345,0.7688683178962822,21.773291479877184,medium,3.0344179247673844,201.08410161375846,2026-08-24 05:03:56.411610
4.004484956114702,0.5848771562246321,19.542543339813836,light,2.337208764173312,246.55824935818592,2026-08-24 05:04:56.411610
3.9956166099664054,0.5763011708207327,23.175794537073767,medium,2.3025453852354527,250.1093512906706,2026-08-24 05:05:56.411610
4.046491860308345,0.9843707062316518,24.519013533728714,heavy,3.9366976487961547,145.72750734285145,2026-08-24 05:06:56.411610
4.051131882562113,0.8571610280721393,25.972151130265036,idle,3.5685753233561797,248.440202555702,2026-08-24 05:07:56.411610
4.040540730546552,0.5739019376487772,23.328038074692287,idle,2.424752562805593,380.04173079715076,2026-08-24 05:08:56.411610
4.061925782876957,0.6686928709952613,25.10958794051995,heavy,2.744514574698895,210.241575862337,2026-08-24 05:09:56.411610
4.058716778058937,0.7344606310880284,22.600767881781767,heavy,2.9509045906118785,198.43021657073035,2026-08-24 05:10:56.411610
4.07963169430069,0.507404287050812,23.278683177522048,idle,2.036722224424819,428.9893552944684,2026-08-24 05:11:56.411610
4.100963728809843,0.5224958358566584,24.25052521882071,heavy,2.1478002855549674,275.7868954916755,2026-08-24 05:12:56.411610
4.095992492129359,0.010585341468544618,24.472744120408912,idle,0.15226592770661668,20408.79338035384,2026-08-24 05:13:56.411610
4.11017120098223,0.36888198403200356,23.037768436699807,medium,1.495426089071561,389.90728384063345,2026-08-24 05:14:56.411610
4.137390181289821,0.7078362220210834,24.987726553053776,heavy,3.001046076744218,214.89021259107776,2026-08-24 05:15:56.411610
4.151588953250507,0.6932725827501118,22.954635718094103,medium,2.842207337310659,207.52356645867732,2026-08-24 05:16:56.411610
4.138196014453773,0.5150305793071597,25.778199755460566,idle,2.0974240417589907,421.69558875515906,2026-08-24 05:17:56.411610
4.112162706223424,0.5676334404425485,22.7215671813668,idle,2.337523484147183,374.2005777240775,2026-08-24 05:18:56.411610
4.157964949175763,0.34541502766927973,23.77514845594832,light,1.4081566573164384,421.95795836147335,2026-08-24 05:19:56.411610
4.1587690454246244,0.7082256211239715,25.638970411260214,heavy,2.9685120607272624,202.4312308140705,2026-08-24 05:20:56.411610
4.134410357251837,0.53704014378951,21.009882033802658,light,2.178685799982287,268.45757418801776,2026-08-24 05:21:56.411610
4.132395203325462,0.20037999065959394,23.461490141939272,medium,0.8336129646082323,711.9106031215886,2026-08-24 05:22:56.411610
4.160249460437443,0.22759856875370488,22.36648598250702,light,0.9374439936501522,635.4401465225308,2026-08-24 05:23:56.411610
4.196439341068776,0.5589652544147017,22.04361882909266,medium,2.331261032881096,260.7718032114588,2026-08-24 05:24:56.411610
4.207752915112009,0.42385408073076625,23.28895593271445,light,1.799094338304921,343.89582803125694,2026-08-24 05:25:56.411610
4.148260646165393,0.4885710415463588,24.239790259065273,idle,1.9874896518014018,439.4717426167965,2026-08-24 05:26:56.411610
4.1773840408156016,0.20687519808147425,21.909863004994026,light,0.8626743034135235,703.1153627945728,2026-08-24 05:27:56.411610
4.2017530227608395,0.08571586540984535,21.62277022979922,heavy,0.3429850901178449,1685.1699179701152,2026-08-24 05:28:56.411610
4.21603185989788,0.6510170456107012,21.801183047729406,medium,2.795408669100369,233.38493150804737,2026-08-24 05:29:56.411610
4.2195430951804775,0.3472654898932119,22.13727592241011,heavy,1.581844525201766,410.06921700964756,2026-08-24 05:30:56.411610
4.183236539517711,0.8130007437789727,24.33870976544303,idle,3.405895713130217,259.74551108261744,2026-08-24 05:31:56.411610
4.241668952640266,0.4958815691700007,24.000337207975658,idle,2.112694979715072,436.3060294305587,2026-08-24 05:32:56.411610
4.195911846369277,0.24530040854251,22.384897609536687,medium,1.1093755161955952,591.7498029133095,2026-08-24 05:33:56.411610
4.2043858249818395,0.25114787439250985,23.239734470797643,idle,1.0424337535772423,851.0172632073395,2026-08-24 05:34:56.411610
4.193645849910522,0.5828039230403467,23.674776558149546,heavy,2.4818869169933913,244.84125738099044,2026-08-24 05:35:56.411610
4.1721285977044245,0.018970892541319895,24.612210583478465,idle,0.023059734063592983,11388.778512478355,2026-08-24 05:36:56.411610
4.18899028453092,0.5819639526350955,24.667575209744395,medium,2.4819790369710635,256.36707573587057,2026-08-24 05:37:56.411610
4.177337200348098,0.33268866772947236,21.72984324304024,light,1.3160260674423896,430.0308725475287,2026-08-24 05:38:56.411610
4.207716706194398,0.2442408810395113,22.6410960577495,heavy,1.0163304650111917,584.3409800674846,2026-08-24 05:39:56.411610
4.145240341219386,0.18069694118002222,23.735835329697075,light,0.7212461325905098,798.0329279739715,2026-08-24 05:40:56.411610
4.193327208937247,0.24412964487431071,23.79931880026029,medium,1.020106051137104,591.9251891601191,2026-08-24 05:41:56.411610
4.218403455386096,0.8324991561155549,25.496861531867484,light,3.5001766928300286,176.91296330279658,2026-08-24 05:42:56.411610
4.144639909266465,0.33055609584483014,21.09925109475148,medium,1.5075790119463115,430.698204042018,2026-08-24 05:43:56.411610
4.213646088270849,0.11029562383587307,22.587446531372002,medium,0.5400147091487096,1301.0002886055067,2026-08-24 05:44:56.411610
4.182141868272221,0.003469155206836244,22.15232270275644,medium,0.014764017712067172,14399.119320993832,2026-08-24 05:45:56.411610
4.196654554222,0.27995744047344767,22.590319729016766,medium,1.1434001477521407,511.6175128770878,2026-08-24 05:46:56.411610
4.2054793104992845,0.08356902948025684,23.703683726764147,heavy,0.33858847457368313,1725.2913276249224,2026-08-24 05:47:56.411610
4.164745225597252,0.2295461772437967,20.238681673495087,idle,0.9533729104472777,941.2219764951404,2026-08-24 05:48:56.411610
4.187606153920322,0.6161801712571501,23.518752788326392,heavy,2.5456870550403843,225.90896616484198,2026-08-24 05:49:56.411610
4.2066056503745575,0.5805224735594918,23.963919478964122,medium,2.4916309346501997,249.87616819513798,2026-08-24 05:50:56.411610
4.177859865903599,0.22442415773180188,24.59254300703477,idle,0.8592399567657393,958.1691040792547,2026-08-24 05:51:56.411610
4.154383246012731,0.03486991386493021,20.839585633556283,light,0.10875559029431081,4125.682074308063,2026-08-24 05:52:56.411610
4.1856337686034735,0.142665396738545,25.68203726038715,medium,0.5761203673138333,1011.1561522041383,2026-08-24 05:53:56.411610
4.1340193221011745,0.19718601788046464,21.06516086253906,heavy,0.8195449778182411,728.5782841055577,2026-08-24 05:54:56.411610
4.117264204265626,0.08117427866894696,22.692348022065147,light,0.3677031194367631,1778.460869343489,2026-08-24 05:55:56.411610
4.152582679602611,0.5166493498907782,22.491071646868082,idle,2.173312095451956,416.3163320793262,2026-08-24 05:56:56.411610
4.1622737078433785,0.03464649820950963,23.35659002113435,medium,0.1713756537286369,4149.7722617748395,2026-08-24 05:57:56.411610
4.117196422487272,0.3063949357671394,25.265721406535295,medium,1.2382218574082375,467.70206757217767,2026-08-24 05:58:56.411610
4.1008290249827155,0.15508115591330213,23.08257055982015,light,0.6590174831771224,929.8395087786258,2026-08-24 05:59:56.411610
4.131402916261386,0.1761325085949303,26.608890602885452,light,0.7941807958021972,817.769888679456,2026-08-24 06:00:56.411610
4.118129714347942,0.2315640234501698,24.096413612594358,heavy,0.9833975239951707,623.3948442837643,2026-08-24 06:01:56.411610
4.0927012753081895,0.3737757508527539,19.695342522103044,heavy,1.5968483690364617,386.93123763873166,2026-08-24 06:02:56.411610
4.084299055068136,0.26068508711270366,21.755616616412645,medium,1.1804844016586722,554.8641060295695,2026-08-24 06:03:56.411610
4.078753158371433,0.14233994160736213,20.728655195917096,heavy,0.5229735972480525,1009.9238067030493,2026-08-24 06:04:56.411610
4.067056482804529,0.022982130572496068,25.36081785298021,heavy,0.1043988534345298,6260.97510103742,2026-08-24 06:05:56.411610
4.069391389242891,0.6537450097555318,22.851683684718477,light,2.7179235298597164,226.28076020451795,2026-08-24 06:06:56.411610
4.0184155509277195,0.3392317229204299,23.601849636817946,idle,1.352834259221775,637.6278188111767,2026-08-24 06:07:56.411610
4.0367637562894805,0.15772282407637356,22.96564981973611,light,0.7298698085160373,906.0863888975804,2026-08-24 06:08:56.411610
4.02014212672193,0.388953659364633,24.883888155699598,light,1.6638809807251393,377.91360230255896,2026-08-24 06:09:56.411610
4.005893265787632,0.5891295092974449,20.751735314302554,idle,2.3106428142335025,366.89982239186963,2026-08-24 06:10:56.411610
3.9777148787035856,0.6146613318109778,25.365495609879435,idle,2.5412196278869583,344.1591228680386,2026-08-24 06:11:56.411610
4.0099660593354605,0.11067598667184564,22.501660174995273,idle,0.41466445221485243,1960.9225719919195,2026-08-24 06:12:56.411610
3.990776369516336,0.13554790769813266,23.387316581447504,idle,0.5662367863676415,1596.3104005144392,2026-08-24 06:13:56.411610
3.9763399019219205,0.05261461472813972,23.162545303166066,idle,0.14851744129111713,4104.267373595329,2026-08-24 06:14:56.411610
3.9564657647821004,0.38669840662009825,21.67073586823245,light,1.5950815101944456,376.00858873476176,2026-08-24 06:15:56.411610
3.9638098353632842,0.12374702955325464,22.306285506790996,light,0.4911837004655809,1164.2591705384057,2026-08-24 06:16:56.411610
3.9435546147213256,0.3561794465336335,19.36142601463866,light,1.3714400220448508,402.0085013578139,2026-08-24 06:17:56.411610
3.906167561508468,0.5659579453927244,23.2542090748694,heavy,2.321735771633738,258.2211389707133,2026-08-24 06:18:56.411610
3.9121893718224934,0.24850716657057223,23.480801361673283,heavy,1.0215411888219113,575.1865329822376,2026-08-24 06:19:56.411610
3.8877644225434427,0.06550276220891615,23.694593628016666,heavy,0.26878640228469636,2200.7368912666507,2026-08-24 06:20:56.411610
3.8781712053482447,0.46735135690743274,23.48333721492795,idle,1.894801007711627,462.73763541522027,2026-08-24 06:21:56.411610
3.823951717415904,0.043866111143863074,22.41630293188583,light,0.1533890479934033,3284.427699280101,2026-08-24 06:22:56.411610
3.8336752034723376,0.4480950253670214,23.823064133823493,heavy,1.6507305499059695,327.7816918705667,2026-08-24 06:23:56.411610
3.863808680557967,0.1629412846222538,22.973288435627836,heavy,0.6347046127735018,876.0031662525465,2026-08-24 06:24:56.411610
3.8414909711196956,0.5618823165823639,23.021106437116366,heavy,2.1096185850195353,266.10845115864356,2026-08-24 06:25:56.411610
3.83028701618102,0.58053212757715,21.203183136350134,light,2.2188611885313185,246.25409541842444,2026-08-24 06:26:56.411610
3.8226968156044907,0.6331468560300477,20.463705537800383,heavy,2.376299224728222,226.35479423824347,2026-08-24 06:27:56.411610
3.7765891466438966,0.12761310631089617,19.64647481273606,heavy,0.4628269002303045,1131.7490588562425,2026-08-24 06:28:56.411610
3.7873655169341323,0.7081242102672243,23.371427643685585,light,2.697969574959002,203.15337433285677,2026-08-24 06:29:56.411610
3.746093397034566,0.38536897558766414,22.796099739354798,idle,1.400822635016691,561.0127896322643,2026-08-24 06:30:56.411610
3.7050056930757918,0.5814363048952897,21.328353363671813,medium,2.19244823733745,238.21183463265993,2026-08-24 06:31:56.411610
3.7387123863191074,0.41821027694737023,21.65975226988019,light,1.5356486214192684,349.8309858726276,2026-08-24 06:32:56.411610
3.702778922671005,0.6166577699212089,22.54460660725048,light,2.2430180917769524,233.84358027572065,2026-08-24 06:33:56.411610
3.68525891682298,0.37523183550322725,23.212069489559507,medium,1.371373823346741,384.59188702837923,2026-08-24 06:34:56.411610
3.69428824164065,0.27194517660019246,22.75395689797494,heavy,1.010994132836019,532.8780405547502,2026-08-24 06:35:56.411610
3.6791983416436103,0.5957608047715099,20.61435897790797,heavy,2.2375998629027727,247.82714985674622,2026-08-24 06:36:56.411610
3.6548034542849925,0.6483158730847112,23.314613308342075,light,2.3967727759526936,219.44827642020257,2026-08-24 06:37:56.411610
3.6281749382156017,0.8339263256254154,23.519648738170375,heavy,3.0267701506945484,178.2178289328999,2026-08-24 06:38:56.411610
3.5912710246069692,0.2099173386655473,19.284131587735875,heavy,0.7575606917203145,683.7988279560054,2026-08-24 06:39:56.411610
3.604238777954922,0.5474748515587768,22.14823566427883,medium,2.014191046404849,252.72967450145921,2026-08-24 06:40:56.411610
3.5708830074689177,0.5874904579569945,19.898692307780387,heavy,2.062135467549561,235.016804068556,2026-08-24 06:41:56.411610
3.5611269139106327,0.5112584538220212,23.067449281482972,medium,1.8278731814304983,280.7156580988554,2026-08-24 06:42:56.411610
3.532981197224724,0.8596117254887214,19.999749940649007,light,2.9808917970637347,162.8086589634818,2026-08-24 06:43:56.411610
3.519891207869741,0.4591834763113154,23.85294890668504,idle,1.6018289652211073,463.5557564168534,2026-08-24 06:44:56.411610
3.481764746732542,0.39741752833155447,23.314700805373295,idle,1.3708005460177883,544.4386137960079,2026-08-24 06:45:56.411610
3.4429902367289777,0.7820200703812538,19.96843300437724,medium,2.668913772555064,184.90794652167585,2026-08-24 06:46:56.411610
3.459538879291273,0.7009225950358069,19.865194816927175,light,2.501905335098245,194.53432241334653,2026-08-24 06:47:56.411610
3.4656650178389645,0.7949844583593267,23.59732928486832,medium,2.7795988118484347,172.42647868623166,2026-08-24 06:48:56.411610
3.4166210903529293,0.5994724540163042,21.509836582672616,light,2.081618549521585,243.2496256020957,2026-08-24 06:49:56.411610
3.42930763377658,0.6448997075740905,20.655615679518032,heavy,2.169845958771406,211.6357856667775,2026-08-24 06:50:56.411610
3.421672803244046,0.46769712619022,19.107663351211933,idle,1.6601085557373088,470.7032986112105,2026-08-24 06:51:56.411610
3.3362237674893946,0.75085129791404,23.22583063131462,heavy,2.5450424696725924,196.43047118942056,2026-08-24 06:52:56.411610
3.349239097096569,0.6176527560372101,23.575336412801942,medium,2.1477935013560807,226.7613949957828,2026-08-24 06:53:56.411610
3.3070708260073722,0.7417966795487937,19.626704973685854,light,2.5076380118683383,192.23081651670344,2026-08-24 06:54:56.411610
3.3050100966772322,1.061891187261112,19.610125957920946,heavy,3.5390432878997804,132.89265629073802,2026-08-24 06:55:56.411610
3.303416716451517,0.877585919496031,22.145969758255493,light,2.82042270776944,163.512608339166,2026-08-24 06:56:56.411610
3.247871368702099,0.8009491212100349,20.394859920782945,idle,2.593997474672409,269.63291723166213,2026-08-24 06:57:56.411610
3.2638100008232853,1.0543106770209238,20.69102049302595,heavy,3.403621817044309,127.22416985073538,2026-08-24 06:58:56.411610
3.2584894316086346,0.6701981443031866,20.588049744195366,medium,2.2030991190878906,219.62781188991386,2026-08-24 06:59:56.411610
3.248604082324969,1.215307546280032,22.247658204817526,heavy,3.9619781313127316,116.29877120532065,2026-08-24 07:00:56.411610
3.1872256181727057,0.9438736763650941,22.944701274014736,light,2.960027055667075,153.3853546378379,2026-08-24 07:01:56.411610
3.2092160570754436,0.7549312297609794,20.433138886280368,heavy,2.4796173347883474,180.28269324082623,2026-08-24 07:02:56.411610
3.188870546804376,0.7624928065378813,20.019157276997106,medium,2.4498308201352197,190.32944952099865,2026-08-24 07:03:56.411610
3.1481804285041894,0.4904413224944862,19.65685337381565,medium,1.5731269574170927,295.7038640528911,2026-08-24 07:04:56.411610
3.1593781810906676,0.6192849635443544,19.83773788387416,light,1.8630342048631254,240.52658514122732,2026-08-24 07:05:56.411610
3.134435866104351,1.164422730432721,20.12503459558266,heavy,3.7367300132961216,123.89253728398286,2026-08-24 07:06:56.411610
3.1159024641929154,0.8332117968458387,23.91634060022572,idle,2.6428308538713527,252.07229793349504,2026-08-24 07:07:56.411610
3.0936064558316385,0.920285667558561,21.216525924713096,heavy,2.8546180773823235,153.96676313536463,2026-08-24 07:08:56.411610
3.0982281357786854,0.9448276058303816,22.027384463711197,light,2.9520466045376925,143.9408427904141,2026-08-24 07:09:56.411610
3.0401434036164887,0.6633427428913556,17.03664547126985,medium,2.028094400822238,227.16613310756406,2026-08-24 07:10:56.411610
3.0456002728175315,1.1045469996516113,21.85349298584232,idle,3.3302917356077035,188.84923087231024,2026-08-24 07:11:56.411610
3.018195978533493,1.1782753305850517,23.709582111312002,medium,3.5279613445659526,117.1178883293235,2026-08-24 07:12:56.411610
3.007823148875586,0.9388661094744428,21.803426629845696,idle,2.8707184675089454,233.45781922521397,2026-08-24 07:13:56.411610
3.0,0.8547362087435795,19.57994833974515,light,2.5622685042392193,186.27671977223758,2026-08-24 07:14:56.411610
3.0,0.8632743825522176,20.880502038322962,medium,2.5194194822627596,170.52974183060894,2026-08-24 07:15:56.411610
3.0,0.9430943187385863,20.89480187757685,idle,2.7351172991946378,228.2644703924645,2026-08-24 07:16:56.411610
3.0,1.0087163276787106,23.38411861878381,idle,3.0375700028685246,221.65855735927508,2026-08-24 07:17:56.411610
3.0,1.043165133757494,21.264141490938446,heavy,3.0356805608626525,129.74589990485174,2026-08-24 07:18:56.411610
3.0,0.8689421532366732,20.358266975777035,idle,2.6139385322078854,258.9862125003151,2026-08-24 07:19:56.411610
3.0,1.0468426153099486,20.34798185231298,medium,3.0914672987122738,135.7512267989589,2026-08-24 07:20:56.411610
3.0,1.0769496329590733,22.087945697667255,light,3.273742951400042,131.1840315514515,2026-08-24 07:21:56.411610
3.0,1.0734076251150562,23.529616091663634,idle,3.2453548925900857,206.258005933499,2026-08-24 07:22:56.411610
3.0,1.2756828491854062,18.709354279690498,idle,3.8515039507387634,158.8096410041018,2026-08-24 07:23:56.411610
3.0,0.8057489296839608,19.749750063214645,heavy,2.474102289577544,178.76319466558982,2026-08-24 07:24:56.411610
3.0,1.119118814800592,22.354236382284153,medium,3.3346516949554736,122.15730969454854,2026-08-24 07:25:56.411610
3.0,1.0751325794662658,22.581494365614375,idle,3.1995472317671285,198.79862701620112,2026-08-24 07:26:56.411610
3.0,1.0272404916221811,20.764934211192468,light,3.036626399960477,140.51327645953643,2026-08-24 07:27:56.411610
3.0,0.9725825899446701,19.0825151209574,heavy,2.9351720921803897,145.36608457892729,2026-08-24 07:28:56.411610
3.0,1.0416004933154956,19.986642443505804,light,3.101372127268536,143.74492427862137,2026-08-24 07:29:56.411610
3.0,1.1857745359039447,21.66427332200228,heavy,3.5175031341585754,118.10232476260676,2026-08-24 07:30:56.411610
3.0,0.9779381582429795,21.564842469218917,medium,2.966972948053855,149.50587262606768,2026-08-24 07:31:56.411610
3.0,0.6481000951635703,19.096111533484645,light,1.909239978938109,215.69674474815142,2026-08-24 07:32:56.411610
3.0,1.0017109545491327,21.09006188284681,heavy,2.946731030382921,141.93786004775316,2026-08-24 07:33:56.411610
3.0,1.1274403679231535,20.002727083443045,heavy,3.3532893963386865,126.59187657740148,2026-08-24 07:34:56.411610
3.0,0.7638903436242704,23.307933171416174,light,2.2073985194090513,192.86470244159926,2026-08-24 07:35:56.411610
3.0,0.7594058551668705,21.596772823674282,heavy,2.3389700058281204,203.38585281962682,2026-08-24 07:36:56.411610
3.0,1.0687787637088306,20.6776534794902,heavy,3.263858230747594,136.91949163466734,2026-08-24 07:37:56.411610
3.0,0.6160471655800095,21.853146222521456,idle,1.9197936554102795,343.66088879330243,2026-08-24 07:38:56.411610
3.0,0.9788620543461696,19.29170165167338,idle,2.880059472634575,215.61237059997828,2026-08-24 07:39:56.411610
3.0,1.2627728527665005,21.85053326413412,medium,3.8070373330172957,106.55701824328119,2026-08-24 07:40:56.411610
3.0,1.0657076901632991,19.11302396147631,idle,3.2001175806696907,203.15529546857624,2026-08-24 07:41:56.411610
3.0,1.2065792199556111,19.22114756649473,medium,3.606881054138275,111.49724407118507,2026-08-24 07:42:56.411610
3.0,1.1479392171076475,23.277157093024694,light,3.484779763266511,127.07779862383217,2026-08-24 07:43:56.411610
3.0,1.0682508358343388,21.08935660539831,idle,3.234347178510324,199.1183917714517,2026-08-24 07:44:56.411610
3.0,0.69558900294968,21.34324307770664,idle,2.13751724891126,301.8097011169392,2026-08-24 07:45:56.411610
3.0,0.919513935563674,21.632646746201043,idle,2.6880558941620363,233.2407355747957,2026-08-24 07:46:56.411610
3.0,0.9162800795774978,21.178552546906623,heavy,2.7219755187270773,156.44158515505072,2026-08-24 07:47:56.411610
3.0,0.6617778319811609,21.402933427058638,medium,2.0811990796692403,217.767134523896,2026-08-24 07:48:56.411610
3.0,0.9364868191695095,21.699802322980126,heavy,2.839126176075684,153.8142806172549,2026-08-24 07:49:56.411610
3.0,0.8061254919776376,20.565965237283677,idle,2.40590540363328,268.3603244956943,2026-08-24 07:50:56.411610
3.0,0.8567903938237778,18.317740241558223,medium,2.5686077057445433,164.38467663403347,2026-08-24 07:51:56.411610
3.0,1.2567324359913647,19.873479026357906,light,3.7885697387971797,115.40402547222116,2026-08-24 07:52:56.411610
3.0,0.6824289948696654,20.989021986390263,medium,2.0823885783653875,212.65857012431405,2026-08-24 07:53:56.411610
3.0,0.8319132446554546,21.614366666758546,heavy,2.425286167130344,176.93568313895958,2026-08-24 07:54:56.411610
3.0,0.9664251185377146,22.712391772003155,light,2.8076025945767373,144.14038671174458,2026-08-24 07:55:56.411610
3.0,1.0425400028791172,20.421328687922305,heavy,3.204053207588187,130.45831436134335,2026-08-24 07:56:56.411610
3.0,0.958716954763241,22.632682931790406,heavy,2.829317789812307,150.14409026063518,2026-08-24 07:57:56.411610
3.0,0.8329527104991354,23.217134357882426,idle,2.5720371362901444,252.40861789686744,2026-08-24 07:58:56.411610
3.0,0.7703353465100106,20.6026237587624,idle,2.411957395377542,281.5356526491174,2026-08-24 07:59:56.411610
3.0,0.7712370516319447,23.101462016014942,medium,2.417801156947074,187.99420686237195,2026-08-24 08:00:56.411610
3.0,0.9768186332272193,22.564356944510994,idle,2.95108225440425,225.9987458695902,2026-08-24 08:01:56.411610
3.0,0.742758976303973,19.942960521747896,light,2.374903442590291,193.65551671305775,2026-08-24 08:02:56.411610
3.0,0.5961511148469597,20.834557439399514,light,1.7138625153142608,241.84456746576004,2026-08-24 08:03:56.411610
3.0,1.1858200846674762,19.515142999987415,idle,3.54212267767952,184.44690771412579,2026-08-24 08:04:56.411610
3.0,0.927676960618165,18.49858956744865,medium,2.7156965711556404,148.88794945704805,2026-08-24 08:05:56.411610
3.0,0.577535137549217,20.446203346410528,light,1.6835432702148385,244.11227100092597,2026-08-24 08:06:56.411610
3.0,0.8879973763159986,19.41857824654803,medium,2.640678151650638,160.04406683813392,2026-08-24 08:07:56.411610
3.0,0.9151542389481753,21.41357993095645,idle,2.7251987164627183,234.77556093688025,2026-08-24 08:08:56.411610
3.0,0.8471003201130709,19.194671067660245,medium,2.5639328094105993,173.0721649035092,2026-08-24 08:09:56.411610
3.0,0.9422526856247451,21.087216639810645,light,2.921203639169689,152.9178941526101,2026-08-24 08:10:56.411610
3.0,0.950892036011279,22.45468505489572,idle,2.813467611240468,236.934375045312,2026-08-24 08:11:56.411610
3.0,0.6680168156989167,19.460086200524177,heavy,2.029723825593389,225.2661759108278,2026-08-24 08:12:56.411610
3.0,0.5221160508803553,20.685085833925605,idle,1.4659374404052115,416.26074106387284,2026-08-24 08:13:56.411610
3.0,0.7825720815775432,20.635913919090413,medium,2.2983882612327555,184.4540128475095,2026-08-24 08:14:56.411610
3.0,0.35605092145612804,21.44829265983835,light,1.1264248703423938,405.7153998919409,2026-08-24 08:15:56.411610
3.0,0.42442575214075984,20.829529551767525,medium,1.360119906504889,335.6825797531794,2026-08-24 08:16:56.411610
3.0,0.3418799374890853,20.82437590462593,medium,0.9921617865583662,424.2394937982717,2026-08-24 08:17:56.411610
3.0,0.7019871158320554,19.132287915086142,light,2.1735410905583956,199.63019315815583,2026-08-24 08:18:56.411610
3.0,0.49882452114411135,19.483936494324816,light,1.5197166228342756,285.1164192252248,2026-08-24 08:19:56.411610
3.0,0.7328305974793867,19.355838778213204,light,2.096857306628853,197.33973072243066,2026-08-24 08:20:56.411610
3.0,0.5189671145396102,20.91021848896993,light,1.587495962676884,278.1597509238061,2026-08-24 08:21:56.411610
3.0,0.3427361798726516,20.92075166041613,light,0.9784870285708454,426.1522654907379,2026-08-24 08:22:56.411610
3.0,0.9120445672917029,21.118945057203852,heavy,2.7934146076071853,166.2846603577952,2026-08-24 08:23:56.411610
3.0,0.09807597315253225,21.427322739253555,light,0.3568124745267747,1456.337402757715,2026-08-24 08:24:56.411610
3.0,0.5522352457085314,22.259089196811278,heavy,1.7450828814636172,265.3661065005506,2026-08-24 08:25:56.411610
3.0,0.5484659432885758,16.08130786468665,idle,1.7189921966763464,391.01608499106817,2026-08-24 08:26:56.411610
3.0,0.633063505155421,18.52188636989484,idle,1.896644220496758,337.26490528809205,2026-08-24 08:27:56.411610
3.0,0.5406771619664953,19.875994029869634,medium,1.6129949745316456,263.6038772153017,2026-08-24 08:28:56.411610
3.0,0.24677639180346173,23.266300289257476,light,0.7387484663718193,589.3893096890465,2026-08-24 08:29:56.411610
3.0,0.1315293694147081,18.49101636771351,medium,0.4226663420485715,1095.9493827996578,2026-08-24 08:30:56.411610
3.0,0.29760829734141475,19.209387414779727,idle,0.996293259181256,719.261384063366,2026-08-24 08:31:56.411610
3.0,0.4413464524177001,17.769242318847706,light,1.3612075152628877,312.96934507183073,2026-08-24 08:32:56.411610
3.0,0.5242955191299528,21.421552655074386,light,1.513164166028717,273.64033180444966,2026-08-24 08:33:56.411610
3.0,0.6038482609226037,19.512603715961976,heavy,1.881810365437839,244.32416329421156,2026-08-24 08:34:56.411610
3.0,0.8012769688752028,17.6863579420358,light,2.383367869726529,180.60267336161476,2026-08-24 08:35:56.411610
3.0,0.23113620224897077,20.967797614750847,heavy,0.704652800667117,622.9993374343117,2026-08-24 08:36:56.411610
3.0,0.2960908449748649,17.78764138851789,light,0.9417478666272431,482.05821564887015,2026-08-24 08:37:56.411610
3.0,0.37903627919285876,20.34926094322589,heavy,1.2995245351249132,375.8332128741289,2026-08-24 08:38:56.411610
3.0,0.44435665840065197,22.447584958490282,heavy,1.4339308949326632,318.459295584273,2026-08-24 08:39:56.411610
3.0,0.24593202348437548,18.679350372652365,heavy,0.6921179661259518,586.2941599878974,2026-08-24 08:40:56.411610
3.0,0.3488301095059265,18.5942459901078,medium,1.0234336703530693,409.965217497013,2026-08-24 08:41:56.411610
3.0,0.4098737844107999,20.524290118094044,heavy,1.2188856414661384,365.5227161791633,2026-08-24 08:42:56.411610
3.0,0.5929533576382365,21.55970782660843,medium,1.7166232492157214,241.64910417411159,2026-08-24 08:43:56.411610
3.0,0.07476886182873943,23.3446340703257,light,0.2505578730584735,1918.8325140393983,2026-08-24 08:44:56.411610
3.0,0.01949943315494873,19.329365291831344,idle,0.035600792559827454,11069.84569396165,2026-08-24 08:45:56.411610
3.0,0.11296603634780047,19.704047800788473,idle,0.266502577580656,1908.7276000237175,2026-08-24 08:46:56.411610
3.0,0.3860317050293532,20.903331319796614,light,1.1772649363491274,370.8629421958037,2026-08-24 08:47:56.411610
3.0,0.07573581830528398,19.955615563402837,heavy,0.17844813489209424,1899.8392436848594,2026-08-24 08:48:56.411610
3.0,0.023013880495091926,19.963440303691257,medium,0.06621501728778151,6264.154375212247,2026-08-24 08:49:56.411610
3.0,0.17223178833312905,19.701232674356305,light,0.5381772524253496,840.4954306578355,2026-08-24 08:50:56.411610
3.0,0.39499176143133075,18.239695896021612,medium,1.2217373379548084,372.3332718093536,2026-08-24 08:51:56.411610
3.0,0.36869169807408164,20.073163442813108,light,1.076285236577308,387.13465183611515,2026-08-24 08:52:56.411610
3.0,0.22194249015444004,21.111627399334292,medium,0.7128174362945162,653.8438461270584,2026-08-24 08:53:56.411610
3.0,0.36619546892253907,17.66108534260309,light,1.0940256167251428,399.03436829375966,2026-08-24 08:54:56.411610
3.0,0.31449350782951585,21.6909911701666,medium,0.8923825174571554,456.91660876195084,2026-08-24 08:55:56.411610
3.0,0.050451360621389635,19.26890190827948,medium,0.06414743247576207,2860.148659172729,2026-08-24 08:56:56.411610
3.0,0.2611585490204161,18.69036291844681,idle,0.7833234093592081,822.9487166001437,2026-08-24 08:57:56.411610
3.0,0.06552197853627445,22.28402582116797,heavy,0.17638538481117103,2193.8507375285258,2026-08-24 08:58:56.411610
3.0,0.2292579853971326,19.506141006718547,idle,0.7003249804639561,945.0080764450947,2026-08-24 08:59:56.411610
3.0,0.11394517642270509,20.5012793378002,medium,0.3426480754396935,1257.4450092848267,2026-08-24 09:00:56.411610
3.0,0.12146371581661855,18.994077729192043,heavy,0.303685579031487,1191.5080031331293,2026-08-24 09:01:56.411610
3.0,0.22209612132947384,17.857858936258406,idle,0.6784095834348173,973.592011517604,2026-08-24 09:02:56.411610
3.0,0.21479921420045192,20.2665190408178,idle,0.5483332824462782,1009.5839905298161,2026-08-24 09:03:56.411610
3.0,0.5426317362914288,17.22011596467107,heavy,1.6524116277873295,268.819567293514,2026-08-24 09:04:56.411610
3.0,0.06874539346338002,22.355941148746155,medium,0.15266556844216048,2096.4807265711534,2026-08-24 09:05:56.411610
3.0,0.13476004324684104,19.09316199175844,heavy,0.3573170283793537,1073.2934992189696,2026-08-24 09:06:56.411610
3.0,0.049973226017515776,19.4817350081414,light,0.09801676306662306,2890.673893383228,2026-08-24 09:07:56.411610
3.0,0.1651084928972073,18.34163372782901,medium,0.41955738540322535,871.3842477485776,2026-08-24 09:08:56.411610
3.0,0.20282299326723824,21.513206188998414,heavy,0.6950289490771153,710.1329451788075,2026-08-24 09:09:56.411610
3.0,0.15025001319658776,19.498890109159166,heavy,0.39537201289125123,955.9485039793772,2026-08-24 09:10:56.411610
3.0,0.34430270655247164,19.670331740419346,light,1.0382080008015728,414.59272122561134,2026-08-24 09:11:56.411610
3.0,0.052274351705484584,20.80125465345549,medium,0.1805437699750933,2755.965872123398,2026-08-24 09:12:56.411610
3.0,0.47687848329796423,18.598306189653744,idle,1.4167817609896716,452.0534492433163,2026-08-24 09:13:56.411610
3.0,0.4786769962261554,19.76450246438984,idle,1.4151735971629968,462.47378470842284,2026-08-24 09:14:56.411610
3.0,0.177983110553182,18.52080289858004,idle,0.502854905287947,1215.2662694096978,2026-08-24 09:15:56.411610
3.0,0.5862035749871659,17.110353318090887,idle,1.8211474421309277,366.63700007703676,2026-08-24 09:16:56.411610
3.0343638949405194,0.07304023880504507,20.020434595911308,idle,0.2584175708506767,2960.035761045217,2026-08-24 09:17:56.411610
3.0279662646951016,0.024144644425478368,17.657283887898295,medium,0.03929646796026996,5963.134209292957,2026-08-24 09:18:56.411610
3.049722968297752,0.2357127201232436,20.165212450805367,medium,0.7246570538973027,608.1875828884756,2026-08-24 09:19:56.411610
3.054240563201608,0.44731702784508154,23.545990961358058,medium,1.379152803708838,323.08365898394464,2026-08-24 09:20:56.411610
3.081856834518631,0.2924732238899551,18.690304416052644,heavy,0.9204402569076631,494.36389679887475,2026-08-24 09:21:56.411610
3.084302370386969,0.3553662181376482,21.102509407781135,heavy,1.1958692144469427,411.29569728509665,2026-08-24 09:22:56.411610
3.104293408937885,0.36113424635414115,20.742502012445936,light,1.136083174974391,398.684154655823,2026-08-24 09:23:56.411610
3.1282145285296785,0.6728455209563448,21.650597299754217,light,2.1557678522469454,205.2460510530396,2026-08-24 09:24:56.411610
3.201004596458009,0.49462876079729334,17.561113519573773,light,1.5187209723906263,290.8349843080181,2026-08-24 09:25:56.411610
3.176943452306686,0.4329950243663482,21.467438016845975,medium,1.4040384027618293,326.7721980470396,2026-08-24 09:26:56.411610
3.1853440348849857,0.6057228430927516,20.482832525353118,idle,1.9041191523962453,367.80834437351433,2026-08-24 09:27:56.411610
3.228561307186656,0.31462009369475125,18.653416687031427,idle,1.048071837818339,692.0274519359061,2026-08-24 09:28:56.411610
3.2311032292078288,0.5119066403500636,20.002527022890305,light,1.6426636716869616,279.2657171855054,2026-08-24 09:29:56.411610
3.2555835673327693,0.3981489624818674,16.8643543267489,heavy,1.3196763457545821,367.52938167110807,2026-08-24 09:30:56.411610
3.2381934558090553,0.41700773989781387,21.378521931394005,light,1.3583448842812778,344.89892811265753,2026-08-24 09:31:56.411610
3.2632613402590116,0.3314134205596727,20.48179896932092,heavy,1.1222176334807,440.10942093418726,2026-08-24 09:32:56.411610
3.258045062310704,0.4402575284469452,18.166536797129844,light,1.473119274846217,322.9392095171206,2026-08-24 09:33:56.411610
3.3126370393918534,0.19030338527382928,21.394112074658008,heavy,0.5931202701804731,762.6947948687127,2026-08-24 09:34:56.411610
3.326071541948841,0.7986567664762119,22.009258946406447,light,2.678495650020363,173.3837749132066,2026-08-24 09:35:56.411610
3.3457425077681417,0.3158241357731514,21.37116278308606,idle,1.073356180674457,684.4815992561105,2026-08-24 09:36:56.411610
3.354382798728244,0.42383943872256774,19.58458343390401,idle,1.3731788188377845,503.41899990921803,2026-08-24 09:37:56.411610
3.3699481631183366,0.7387162854112452,19.83930676871325,light,2.5493858879867775,194.32974487414532,2026-08-24 09:38:56.411610
3.412233975869966,0.5772933991205516,19.89329796127471,light,1.99264528903669,255.07785525130805,2026-08-24 09:39:56.411610
3.447637364422767,0.495809825254214,20.16342269918904,medium,1.6905161027279896,286.946274159342,2026-08-24 09:40:56.411610
3.4217961879463044,0.566792371472353,23.31241755057531,idle,2.028060712420866,369.6100950275083,2026-08-24 09:41:56.411610
3.445673688030868,0.6377783845566412,15.993626058055252,heavy,2.1081904792263666,220.4975899106556,2026-08-24 09:42:56.411610
3.513209290444583,0.46079539375548784,19.048906371512157,idle,1.5734071110559142,467.4497747164374,2026-08-24 09:43:56.411610
3.476545388269949,0.389974360090343,21.01778876732797,idle,1.3856008366422852,555.9109288035249,2026-08-24 09:44:56.411610
3.531342491754635,0.5920527178513635,19.803599184389,light,2.118682220903781,244.852440237308,2026-08-24 09:45:56.411610
3.5030833538931416,0.5440882737278085,22.87316672859646,heavy,2.022773621213891,272.8507386960097,2026-08-24 09:46:56.411610
3.5430038997273456,0.5049060744345251,20.500549515418406,heavy,1.73491154428298,280.97808924590765,2026-08-24 09:47:56.411610
3.5839510959403253,0.5720067159658004,20.227888963951873,light,2.0371823673824,247.96060032560894,2026-08-24 09:48:56.411610
3.598237128482339,0.5388344880631071,17.48544225748726,light,1.9352896207964243,261.3664682450885,2026-08-24 09:49:56.411610
3.614812736713461,0.7671496558014431,19.94777218589548,heavy,2.784883021496071,191.21242706551237,2026-08-24 09:50:56.411610
3.6185272974148837,0.9903750764938047,22.105394122912223,medium,3.522265172648921,149.97864379670438,2026-08-24 09:51:56.411610
3.5924486827398283,0.5171109925380519,18.821642106164816,medium,1.8634441545089853,282.75292113560147,2026-08-24 09:52:56.411610
3.6527783960493427,0.19605426883620636,21.763982355653233,medium,0.7002746715438776,740.3338424800876,2026-08-24 09:53:56.411610
3.656615578293336,0.5263399812333157,18.279015440425784,light,1.99039539818015,278.89896346907585,2026-08-24 09:54:56.411610
3.7378615354026707,0.7051531280503592,17.829227157322762,idle,2.627712534993094,307.3980304140526,2026-08-24 09:55:56.411610
3.6668853799022836,0.9192599089558076,20.445871181262298,light,3.4075331885999853,156.58865870101064,2026-08-24 09:56:56.411610
3.7020878062605926,1.060891412990423,18.518867654408858,medium,3.8299691698244267,134.51210172601273,2026-08-24 09:57:56.411610
3.751911201102494,0.6811587148907604,19.558101324177635,light,2.528499554439178,212.8553643618003,2026-08-24 09:58:56.411610
3.7904148987384696,0.6359160820173042,18.733798654188075,medium,2.438214774370824,226.0182799428799,2026-08-24 09:59:56.411610
3.755672633740525,0.8166459924816261,23.486684406481178,medium,3.069842825927576,181.14842082123076,2026-08-24 10:00:56.411610
3.7693693863487456,0.641651730266487,16.711065121273197,idle,2.3948817025903746,334.93127708752036,2026-08-24 10:01:56.411610
3.750473528346776,0.76757191179643,19.81296383538169,idle,2.93119528490167,279.92446892199695,2026-08-24 10:02:56.411610
3.8114004023204795,0.8203996530714505,18.331532721951348,idle,3.0786115453929397,272.91183278908767,2026-08-24 10:03:56.411610
3.828750343636725,0.34773095633055245,19.50420489142977,heavy,1.3266859993786588,408.52774123484994,2026-08-24 10:04:56.411610
3.8592505930833854,0.8298305971271204,21.824968307798283,idle,3.2419029586815458,264.0876265617421,2026-08-24 10:05:56.411610
3.8446738049167495,0.9421992714180648,18.249758400477923,idle,3.5997856218868876,216.35480427803128,2026-08-24 10:06:56.411610
3.8436960023346822,0.7410382189313799,18.14724103476441,light,2.858167142270668,188.9197191082818,2026-08-24 10:07:56.411610
3.8386771644663886,0.8341038410349706,21.14694604001057,medium,3.157900156568695,174.19699414243752,2026-08-24 10:08:56.411610
3.880935557077478,1.211988886661708,19.60728031493145,medium,4.773131261835986,118.92640527152196,2026-08-24 10:09:56.411610
3.921946548122149,1.0206179247077605,22.397660009800976,light,4.049609192387497,132.63329132332782,2026-08-24 10:10:56.411610
3.933629701795509,0.6742893843734442,19.850501935766644,heavy,2.664525426044353,211.22978033494675,2026-08-24 10:11:56.411610
3.9426477163821896,1.1755256024111576,20.52528255098749,light,4.562028318291257,120.39202101696662,2026-08-24 10:12:56.411610
3.928002967314667,0.9648419643261102,22.39624116616088,heavy,3.8068066549263775,155.15985927846938,2026-08-24 10:13:56.411610
3.9555229404952126,0.9858317967059065,20.372068650711544,medium,3.913117308488206,137.56714740228588,2026-08-24 10:14:56.411610
3.9853878382003733,0.8724816536388166,21.628484913114555,light,3.414937941395925,160.99210072934574,2026-08-24 10:15:56.411610
3.979673343518798,1.1597172753084226,18.55146257901071,light,4.543418374144269,120.39339851248941,2026-08-24 10:16:56.411610
3.9717329230267744,1.0105976248908781,20.300343453648136,heavy,4.010862618597364,145.36740677857313,2026-08-24 10:17:56.411610
3.9953081807980153,0.9471925623440904,20.966197235751807,idle,3.7278861749755547,230.8017075772644,2026-08-24 10:18:56.411610
4.012722806748379,0.9586074755656087,19.77792290512818,idle,3.833669500953197,231.014297860686,2026-08-24 10:19:56.411610
4.023860796765297,0.6530548456701157,20.496684211618536,heavy,2.6343102049694775,223.140034643805,2026-08-24 10:20:56.411610
4.029819179010502,0.7519154258333942,22.81780593660462,medium,2.986553309671242,193.3216989973192,2026-08-24 10:21:56.411610
4.073319627313289,1.0704215736499152,20.393186991090406,idle,4.36943471222145,201.99557961496652,2026-08-24 10:22:56.411610
4.053996135440658,1.0274367980468004,19.039856449524443,medium,4.193196517353903,153.46734965015148,2026-08-24 10:23:56.411610
4.0471160595666,0.6952281543555047,20.257053284720936,medium,2.8323693943395356,209.2112388182483,2026-08-24 10:24:56.411610
4.09562424902908,0.9117807928943455,19.239928836526094,heavy,3.7488446621398275,165.08670169269814,2026-08-24 10:25:56.411610
4.0806244308025965,1.2746305455722844,20.101193238714924,medium,5.276123533641964,107.86260068051254,2026-08-24 10:26:56.411610
4.068129534870715,1.153118473753325,20.832090386626263,light,4.632740018526848,114.13395443533759,2026-08-24 10:27:56.411610
4.108360495353125,0.9813228003904305,20.766226170943302,idle,4.031543376473073,217.69268028573933,2026-08-24 10:28:56.411610
4.112065122938203,1.332769263975991,20.4875428871896,idle,5.5258491158573095,168.6469350902955,2026-08-24 10:29:56.411610
4.0862859174132575,1.0815188702850738,19.886514381722197,medium,4.408433120547039,131.8304103589111,2026-08-24 10:30:56.411610
4.104905713908807,1.2052727771826028,21.400277468323555,medium,4.968525595236705,121.54981138387201,2026-08-24 10:31:56.411610
4.125962910343716,1.0365182235365646,20.667590572077053,idle,4.2397237095458165,215.37364415962475,2026-08-24 10:32:56.411610
4.11471838879812,1.129597194447768,21.794758350241075,idle,4.651725841582449,200.1008675428562,2026-08-24 10:33:56.411610
4.177181453759326,0.8479086901434558,18.56560045554618,light,3.5099484105762833,173.4306695613972,2026-08-24 10:34:56.411610
4.1314888173807915,0.864629377327922,18.987936349648706,idle,3.599328882093273,252.7573040984735,2026-08-24 10:35:56.411610
4.178821413807377,1.1305033352404708,20.443243872564235,heavy,4.768769317058645,127.84330672163675,2026-08-24 10:36:56.411610
4.1505823296245525,1.119845654019128,20.60567222732923,idle,4.69048796856347,182.75323488520735,2026-08-24 10:37:56.411610
4.15377410676189,0.843421430580719,20.778315884019545,idle,3.6208295951865472,254.91319667872682,2026-08-24 10:38:56.411610
4.151148309207066,1.227394897193838,21.772651521379974,heavy,5.102683069400925,115.20061404656674,2026-08-24 10:39:56.411610
4.173828594742801,0.6881544110486373,19.403539157501726,idle,2.9612501654890684,314.1103207325542,2026-08-24 10:40:56.411610
4.174832129313502,0.8483291854981606,21.578963058471157,medium,3.5623931645181695,160.93603510989408,2026-08-24 10:41:56.411610
4.209100043611017,1.2279548525885877,19.425007005585634,idle,5.085931828402346,179.66591436191155,2026-08-24 10:42:56.411610
4.1707240192759505,0.9573078102984593,20.122423177203355,medium,3.9747967789542407,141.4963156963078,2026-08-24 10:43:56.411610
4.185719141766126,0.9138383851931253,20.377246269739665,heavy,3.8668976508298822,148.24586763947033,2026-08-24 10:44:56.411610
4.229580672097457,0.9286969290953782,21.299127366404434,medium,3.9789866027718896,155.34714623613874,2026-08-24 10:45:56.411610
4.20610890394344,0.5761560173068755,19.086134708433555,medium,2.4828552937223525,256.2093745747938,2026-08-24 10:46:56.411610
4.176622503290622,0.7608019150604136,20.29393352109932,medium,3.0930432525346876,187.4485992981594,2026-08-24 10:47:56.411610
4.185530943361172,1.3238109949377443,20.847013397703087,light,5.548958013648215,108.16926781845898,2026-08-24 10:48:56.411610
4.180116744035598,1.0837512680474135,18.76952764523993,light,4.570727159204391,130.50313727400138,2026-08-24 10:49:56.411610
4.245097467332593,1.0028503568565095,22.985657542126056,light,4.2803445082130445,142.74087546660658,2026-08-24 10:50:56.411610
4.178534842514404,1.123614310085237,21.0931621168805,idle,4.603889064501951,188.9898529790974,2026-08-24 10:51:56.411610
4.167426458539134,1.2338392723710274,17.41257359846734,medium,5.159291786637624,118.1550305856337,2026-08-24 10:52:56.411610
4.2222524425784895,1.0809346797942097,24.575726088099614,idle,4.643473962602013,193.61221278513852,2026-08-24 10:53:56.411610
4.198625771144436,1.0780436208137059,19.831469661858684,light,4.476714174346355,126.06226763643356,2026-08-24 10:54:56.411610
4.22123322594219,0.728581664465138,20.69906342127778,light,3.0694174415709985,199.41048031766852,2026-08-24 10:55:56.411610
4.1693348116653,1.1393347575896287,15.718234802263922,heavy,4.726888992410184,117.50392744432135,2026-08-24 10:56:56.411610
4.175618300800786,0.8848114645402596,20.54614193314833,medium,3.677679282348125,160.15135199367606,2026-08-24 10:57:56.411610
4.215231816603345,0.8299248741563345,19.801500834196766,idle,3.4575322009300757,262.00160994489715,2026-08-24 10:58:56.411610
4.214682773376688,1.2529165142346346,18.63263315316118,light,5.302504224349633,117.24982941515239,2026-08-24 10:59:56.411610
4.172530239149158,0.5741055315904043,18.787486005231553,idle,2.3582931857691003,375.3556279044912,2026-08-24 11:00:56.411610
4.179850458895411,1.237750466061971,21.619847562538773,heavy,5.275963593195986,122.66031276260107,2026-08-24 11:01:56.411610
4.200730415017664,0.732456051784695,21.3597914411301,idle,3.061809740517287,293.6080647576969,2026-08-24 11:02:56.411610
4.168650422752322,0.8072324437937896,20.86922548941708,light,3.283900889819842,168.12405829334935,2026-08-24 11:03:56.411610
4.191894160277085,0.6194303459796133,20.284922240304876,medium,2.6639238322342274,237.61263413394775,2026-08-24 11:04:56.411610
4.186534924977772,0.9173978818586777,19.11524888405213,light,3.7954447144229015,155.90661908763417,2026-08-24 11:05:56.411610
4.1879617445987725,0.944922960145097,19.766603008291142,light,3.9112940715750955,149.2362989638306,2026-08-24 11:06:56.411610
4.198660510470989,1.0577122910182668,19.910115530406205,light,4.426115399109363,134.0968351433062,2026-08-24 11:07:56.411610
4.143195672464986,0.6131298493430748,19.196085164898673,medium,2.5445010924155707,233.8521358091482,2026-08-24 11:08:56.411610
4.165460300015331,0.8592949367282485,21.63611598446624,medium,3.6148009845100413,168.7116567052529,2026-08-24 11:09:56.411610
4.156149315941308,0.9598194862634999,21.13719333877381,heavy,3.9833333832017206,150.9603793802785,2026-08-24 11:10:56.411610
4.110718604033124,0.9178187355524788,20.081326418222872,idle,3.706308104792146,245.0243649234894,2026-08-24 11:11:56.411610
4.141239685202751,0.7723540703827455,19.354369353363197,light,3.172168305960991,179.1749255165957,2026-08-24 11:12:56.411610
4.119944925876352,0.8641489019156721,23.150987328082547,medium,3.503700567839927,166.78835148198058,2026-08-24 11:13:56.411610
4.126499986214557,0.8970107707681153,21.52082577209465,light,3.73054825359978,160.54219367785467,2026-08-24 11:14:56.411610
4.126347974827415,0.5740468835088107,20.35685136987389,medium,2.359537598420331,252.20789272715044,2026-08-24 11:15:56.411610
4.093416304821478,0.622128549732393,22.047567669318223,light,2.4561257103200336,231.21176643465236,2026-08-24 11:16:56.411610
4.071877087443191,0.4038365154857458,20.31214176275326,medium,1.6858521446300312,359.25973092140663,2026-08-24 11:17:56.411610
4.069299247474645,0.6520132549351735,18.111225247015614,idle,2.6914029242973956,326.0704454897593,2026-08-24 11:18:56.411610
4.029551330361906,0.4861560739953409,20.497277071417667,medium,1.9264227783890295,296.8927775820917,2026-08-24 11:19:56.411610
4.07258391605878,0.8601131396912365,20.14212677397031,medium,3.443891498194773,172.5580000223287,2026-08-24 11:20:56.411610
4.037427535250896,0.5644695255548617,19.49587516855401,idle,2.3292645643843786,375.50762609110234,2026-08-24 11:21:56.411610
4.00051227532529,0.48295576448490146,23.06912656107821,medium,1.8697425085105754,302.4685017063776,2026-08-24 11:22:56.411610
4.037397730853692,0.561595460474003,18.11673876118602,light,2.3779413025208354,253.46370404140225,2026-08-24 11:23:56.411610
4.012119313108943,0.2534906517112241,20.444710050295352,heavy,0.965954614544863,571.33704281374,2026-08-24 11:24:56.411610
4.019475385553277,0.6400216994877914,24.35439139986294,heavy,2.5441085613618326,221.8534900929855,2026-08-24 11:25:56.411610
4.023259948010441,0.38276743536724267,19.308615107631923,heavy,1.6088363028752328,379.00026719498516,2026-08-24 11:26:56.411610
3.9999615772193358,0.767834051186936,21.635433321392558,heavy,3.038466631576592,178.6161863362315,2026-08-24 11:27:56.411610
4.0049424750995986,0.3566526801669664,17.54900101097505,heavy,1.5237556067309161,414.6620072363674,2026-08-24 11:28:56.411610
3.9703259030303943,0.5005653392488651,21.239621902491795,heavy,1.9692907333699763,283.5786336831733,2026-08-24 11:29:56.411610
3.9347219386734626,0.61406516648781,19.403448803933813,heavy,2.4180177039186677,224.6923670805485,2026-08-24 11:30:56.411610
3.898696262836445,0.4480444072232542,19.87772437228728,heavy,1.7502732006486268,325.29133837396233,2026-08-24 11:31:56.411610
3.920372370204963,0.6619909414009989,21.984086468899083,heavy,2.505793084116583,218.37312490009325,2026-08-24 11:32:56.411610
3.9171162949343907,0.5935292225438126,22.214669373141824,idle,2.3727891880210374,373.44714816554097,2026-08-24 11:33:56.411610
3.8891067737558274,0.6275939253118041,19.89827273314861,light,2.3963243184696266,230.85947353723535,2026-08-24 11:34:56.411610
3.897237967954187,0.611697439845287,22.054640130139585,medium,2.363115407730361,241.40758382655534,2026-08-24 11:35:56.411610
3.8471372305089213,0.5803271993618027,20.66288662085462,idle,2.2320747032421426,369.49525931831874,2026-08-24 11:36:56.411610
3.8558635583499896,0.4196551652876276,22.211855730533244,light,1.689898111148976,340.6230381304638,2026-08-24 11:37:56.411610
3.811487748179642,0.28104557626868565,21.559290784147073,idle,1.1459004061237346,769.0891712253745,2026-08-24 11:38:56.411610
3.817784772268256,0.512805712814259,21.03126791938585,heavy,1.9806187082545295,276.30010852686735,2026-08-24 11:39:56.411610
3.8082416812489526,0.2745650997095176,19.779782857424355,heavy,1.050521206912935,521.8511965010256,2026-08-24 11:40:56.411610
3.794002252360968,0.2605250680545002,19.76462112175428,light,1.0119057281418113,549.0722604631521,2026-08-24 11:41:56.411610
3.830756314538103,0.22761375851160884,18.755562092976767,medium,0.8196163308131277,635.4488042976036,2026-08-24 11:42:56.411610
3.802116674443653,0.3382725020827789,23.110475858137512,idle,1.3057044857753033,639.5642747854553,2026-08-24 11:43:56.411610
3.793389193134175,0.3695958445612989,24.571047559165006,idle,1.4282326612971425,586.9700437111679,2026-08-24 11:44:56.411610
3.7446521242771493,0.28682921258383987,21.01766012227588,idle,1.132753723255088,744.2394973936747,2026-08-24 11:45:56.411610
3.6796301272920955,0.5348085551105002,20.80496341996015,medium,2.0198381684841165,263.83128149724195,2026-08-24 11:46:56.411610
3.6830042575945283,0.22308552552557198,20.097850416691344,heavy,0.888655333709067,646.3357934539449,2026-08-24 11:47:56.411610
3.6545719185022896,0.04651237848785561,20.561842492142905,medium,0.12163826389851301,3096.975050991283,2026-08-24 11:48:56.411610
3.6741060011306192,0.2538465836215908,20.643282619645298,light,0.9494169859599194,560.6833275650143,2026-08-24 11:49:56.411610
3.638845171085277,0.40421104102641,20.461308230232124,heavy,1.4940821925197316,358.0253448883088,2026-08-24 11:50:56.411610
3.675991741768867,0.1412971815571217,22.03987048446407,heavy,0.5740755603472744,1005.3658281726056,2026-08-24 11:51:56.411610
3.5968450961043263,0.542051247754213,20.91165598302817,light,2.095251099696561,260.5689824843213,2026-08-24 11:52:56.411610
3.624766609229017,0.22359902095000972,21.489631369896127,heavy,0.8729454889210847,639.8448052933619,2026-08-24 11:53:56.411610
3.581091092390972,0.25814197454019655,24.313197244982156,idle,0.9843449272703456,832.4028431225559,2026-08-24 11:54:56.411610
3.5893296275193367,0.07973164597474525,22.527924556456256,idle,0.28481147906636206,2715.6972652399954,2026-08-24 11:55:56.411610
3.566844468288454,0.24354184102864868,16.851720985354316,idle,0.9173548026175659,887.1936116588416,2026-08-24 11:56:56.411610
3.5446755595561394,0.27824538394281445,23.353247533092844,light,1.054188138097313,520.0531039990151,2026-08-24 11:57:56.411610
3.5452239150464773,0.30186943654279397,22.076473045475055,light,1.0130634531165428,476.00399855201226,2026-08-24 11:58:56.411610
3.488896236589022,0.34724013076156957,21.05949529767199,heavy,1.229912408766123,409.4112050237233,2026-08-24 11:59:56.411610
3.4930032147395083,0.32908219223528073,21.930381690922484,heavy,1.153778354283543,431.2151411611447,2026-08-24 12:00:56.411610
3.4632276535412676,0.23019236093102535,21.598937734678323,idle,0.767410195781791,935.3833245149794,2026-08-24 12:01:56.411610
3.4077489192140007,0.2038802961158981,19.071007816288308,idle,0.6523151336973071,1057.1370103125892,2026-08-24 12:02:56.411610
3.399995430172421,0.37217141650950647,20.676371993222297,idle,1.3015860457671637,575.4554708676806,2026-08-24 12:03:56.411610
3.420919448904391,0.111595755296164,19.38603548017633,heavy,0.45445889935402506,1296.3117091773972,2026-08-24 12:04:56.411610
3.4117009001225878,0.33523266956370756,20.729789735571362,light,1.098622726435103,423.9700515335967,2026-08-24 12:05:56.411610
3.366465892551756,0.07989541222077323,22.23861181191432,heavy,0.20649997361175557,1800.6742620437062,2026-08-24 12:06:56.411610
3.3217298342460957,0.15811480241092601,23.997886794482564,idle,0.5423847941799383,1365.32584450241,2026-08-24 12:07:56.411610
3.328415278235781,0.2636843320867826,22.494247421228465,light,0.8366938447099311,544.2032870982964,2026-08-24 12:08:56.411610
3.341986070483968,0.165025659852685,22.61973726359091,heavy,0.4802397973763082,868.3892182690447,2026-08-24 12:09:56.411610
3.340707762085021,0.21489988675674507,19.970873250896457,heavy,0.7561405196401417,673.5767947637462,2026-08-24 12:10:56.411610
3.2535717075951185,0.3367518281746157,24.378537967945427,idle,1.0994204369376763,641.2181255552734,2026-08-24 12:11:56.411610
3.2971791064322513,0.23315858197499117,22.32495527756098,medium,0.7120919658621871,608.4747401024329,2026-08-24 12:12:56.411610
3.242325918628053,0.360997362570197,22.90359188000345,idle,1.2204370076034579,597.4516364572085,2026-08-24 12:13:56.411610
3.231336828671761,0.10063426169477513,22.680974920273542,idle,0.23622214770946076,2140.85393810271,2026-08-24 12:14:56.411610
3.1961869709760986,0.028966415627723258,19.455012964688102,idle,0.07440739355392668,7452.714303900942,2026-08-24 12:15:56.411610
3.1981568348494473,0.4169597691587949,20.480704603111015,heavy,1.3469560532018479,346.565123642001,2026-08-24 12:16:56.411610
3.1949535586632454,0.027531361219120226,19.573196176206586,medium,0.0948286311153439,5226.77579688185,2026-08-24 12:17:56.411610
3.137613851152135,0.15828665682478915,24.434361222048814,heavy,0.5077855338148016,899.502703549248,2026-08-24 12:18:56.411610
3.1397854533143454,0.19197772612463235,18.593842280552117,medium,0.6280526075841443,753.122862937692,2026-08-24 12:19:56.411610
3.0982609640066796,0.22933369403025092,22.39840463769436,idle,0.7194614451231304,951.5664734897543,2026-08-24 12:20:56.411610
3.096079407833737,0.6157706556676615,22.049945135706704,idle,1.9047286435308446,349.1548304622014,2026-08-24 12:21:56.411610
3.0886056255216197,0.21055968625422633,22.59920360344932,heavy,0.719049424888791,690.4030992571344,2026-08-24 12:22:56.411610
3.049260204163734,0.540415919437012,19.282713301714242,idle,1.689401429793194,406.24436605418515,2026-08-24 12:23:56.411610
3.080004727054976,0.2010846977128413,22.878537114614904,medium,0.7358490962480227,699.8759912141501,2026-08-24 12:24:56.411610
3.0208517728498787,0.34820303560582583,22.566243503574245,heavy,0.989194773544997,412.95037220967237,2026-08-24 12:25:56.411610
3.016631665674866,0.6552085827751167,20.89412443563793,idle,2.0264586369431266,329.56179225547066,2026-08-24 12:26:56.411610
3.0201157470087967,0.10810793555334589,20.89896247812743,idle,0.3100371410935279,1993.594301114916,2026-08-24 12:27:56.411610
3.0,0.4550655561955117,25.101991753062123,medium,1.4103580674048666,321.0334828247955,2026-08-24 12:28:56.411610
3.0,0.07374994599180007,22.75351497731079,light,0.16082744343789912,1936.5385279305096,2026-08-24 12:29:56.411610
3.0,0.1941629973502011,23.227478238699675,idle,0.6192107874638967,1115.7370750648788,2026-08-24 12:30:56.411610
3.0,0.4114766787703769,24.516870505408423,heavy,1.179694006344227,347.39443108705336,2026-08-24 12:31:56.411610
3.0,0.7610422241779644,20.80174720336156,medium,2.2513994214069952,194.7550554052286,2026-08-24 12:32:56.411610
3.0,0.1874393386995784,22.897234750069828,medium,0.5745008003348661,766.804523544674,2026-08-24 12:33:56.411610
3.0,0.6829622481199928,21.621950975944056,heavy,2.057913976207086,208.65400240525136,2026-08-24 12:34:56.411610
3.0,0.3529370572721616,23.78649007661677,idle,1.1349323746643272,615.960520186671,2026-08-24 12:35:56.411610
3.0,0.28043172669409505,22.15703036175804,light,0.840730780624858,514.10019617237,2026-08-24 12:36:56.411610
3.0,0.48276873623647476,23.342183829673903,heavy,1.451123692933269,298.6247726311372,2026-08-24 12:37:56.411610
3.0,0.36828759911894005,21.444057912190477,medium,1.1022046523600446,391.9193162911038,2026-08-24 12:38:56.411610
3.0,0.2565331061349708,22.62111435823997,heavy,0.747266138143566,558.0303870340487,2026-08-24 12:39:56.411610
3.0,0.08330366154424379,22.339672274237614,light,0.21039062794003618,1738.363080923931,2026-08-24 12:40:56.411610
3.0,0.9214745927549385,22.12676892555416,heavy,2.670314512813469,157.42751266120854,2026-08-24 12:41:56.411610
3.0,0.7214441006335011,24.080071726222606,light,2.063535094345026,206.86903546369595,2026-08-24 12:42:56.411610
3.0,0.3090593665423024,21.947759198182826,heavy,0.9401142516291343,465.63294764918913,2026-08-24 12:43:56.411610
3.0,0.3783005735106577,22.383489644796853,medium,1.151633040367071,372.71563342168025,2026-08-24 12:44:56.411610
3.0,0.30266437467257423,22.49030432669196,heavy,0.913793724180663,478.171098721357,2026-08-24 12:45:56.411610
3.0,0.3465210410523021,20.681101036196527,idle,1.0039083471674821,612.0110726022465,2026-08-24 12:46:56.411610
3.0,0.31524561615337443,24.79541650437915,light,0.9352378860374593,455.5969227205273,2026-08-24 12:47:56.411610
3.0,0.803075736952645,21.31676561730048,idle,2.388831115184062,274.0957500901423,2026-08-24 12:48:56.411610
3.0,0.6755023295481473,21.2933737795329,medium,2.0463641865163997,212.65952603917586,2026-08-24 12:49:56.411610
3.0,0.7479268403800345,23.896661871123136,heavy,2.2618886734372565,184.61868689588943,2026-08-24 12:50:56.411610
3.0,0.5725292783616202,21.77089458347085,medium,1.7772012891508657,261.74571305987934,2026-08-24 12:51:56.411610
3.0,0.8670609922804433,21.79132154308792,light,2.6190259450962263,164.08850882155323,2026-08-24 12:52:56.411610
3.0,0.41331561995190835,24.57811395571665,light,1.2523875923523287,341.9853075896117,2026-08-24 12:53:56.411610
3.0,0.29964095095701354,23.870092035758265,medium,0.973347120476712,477.53760907620284,2026-08-24 12:54:56.411610
3.0,0.5286718859209735,20.26120913577707,heavy,1.571140290655786,269.45067704993085,2026-08-24 12:55:56.411610
3.0,0.5455210549423721,22.47769683214588,idle,1.6525887376412776,402.71789882479504,2026-08-24 12:56:56.411610
3.0,0.6263598333440208,20.440588318451667,light,1.768347603119144,228.18925012732885,2026-08-24 12:57:56.411610
3.0,0.6000954667271452,20.250527580973014,medium,1.7770735646903144,237.36640848543078,2026-08-24 12:58:56.411610
3.0,0.5931976489494147,22.914415841767514,heavy,1.7482594616346394,243.5222288978187,2026-08-24 12:59:56.411610
3.0,0.9573240591057897,21.371903200861862,medium,2.8605069254333038,154.23595127846232,2026-08-24 13:00:56.411610
3.0,0.7734177007813369,21.855147925127365,heavy,2.3225215241192525,181.92596331477625,2026-08-24 13:01:56.411610
3.0,0.7581281236144775,20.55267159855057,idle,2.304890114492446,294.69574937166095,2026-08-24 13:02:56.411610
3.0,0.7105412206992054,18.147660788902073,heavy,2.1667690285593193,209.24835973409435,2026-08-24 13:03:56.411610
3.0,0.9052406017722424,19.221529601612737,idle,2.6814735465545225,236.06462795404323,2026-08-24 13:04:56.411610
3.0,0.6981130130980311,22.36327008932227,light,2.1605565540290117,214.36815280387668,2026-08-24 13:05:56.411610
3.0,0.8925276917710803,21.586798204746007,medium,2.696768984868245,166.15311696018426,2026-08-24 13:06:56.411610
3.0,0.4811686134635946,21.158432598144017,light,1.5079466979388996,299.3042562007962,2026-08-24 13:07:56.411610
3.0,0.5432657123915341,23.869819360980195,medium,1.5998308919334499,256.79471616676216,2026-08-24 13:08:56.411610
3.0,1.0751926410395136,20.98368877853389,heavy,3.2097075164765023,130.96471760464425,2026-08-24 13:09:56.411610
3.0,0.8457219579696391,24.98279149552464,heavy,2.5990784344434803,167.5001745413403,2026-08-24 13:10:56.411610
3.0,0.7053213884828663,19.498663469777206,idle,2.118058339014116,301.00588046058243,2026-08-24 13:11:56.411610
3.0,0.7739105666104729,20.892904558097197,medium,2.214541996817688,186.061199713104,2026-08-24 13:12:56.411610
3.0,1.1761786513307746,25.20628280458408,heavy,3.553210818316575,119.98935510149283,2026-08-24 13:13:56.411610
3.0,0.8823016525326444,22.066385082930246,heavy,2.6345811564438617,163.93484315233454,2026-08-24 13:14:56.411610
3.0,0.5917375851955378,21.7851381217573,light,1.8271983733017207,242.64860021699675,2026-08-24 13:15:56.411610
3.0,0.9048989723382694,26.81144073573078,medium,2.7633788900621665,169.0676825548767,2026-08-24 13:16:56.411610
3.0,0.8060347605117792,28.234911319085057,idle,2.454738159705218,270.6628573411727,2026-08-24 13:17:56.411610
3.0,0.7880353432722617,25.160432986180133,idle,2.3293413574702364,271.9874377176684,2026-08-24 13:18:56.411610
3.0,0.9676028874885216,24.144113908751045,heavy,2.9239507559516174,144.88294045912303,2026-08-24 13:19:56.411610
3.0,0.6251793240789147,20.733546896582475,idle,1.945508660618984,346.94362589027395,2026-08-24 13:20:56.411610
3.0,0.9159632831844875,24.973119184863794,heavy,2.803421895072377,156.76006892697197,2026-08-24 13:21:56.411610
3.0,1.1011394988148344,21.341988071791143,medium,3.2772501078189613,127.67254858298124,2026-08-24 13:22:56.411610
3.0,0.7716582095559565,24.689983072461704,medium,2.266696655148834,188.33324985499715,2026-08-24 13:23:56.411610
3.0,0.7231021642603981,21.656631671940918,light,2.288146687533542,191.39042693561885,2026-08-24 13:24:56.411610
3.0,0.6810496748759027,23.21362097038719,light,2.0571044720602663,210.2538134211609,2026-08-24 13:25:56.411610
3.0,0.7329087660641761,21.519837332596577,idle,2.23351926660663,291.143956930906,2026-08-24 13:26:56.411610
3.0,1.050282290221478,23.46113868275772,idle,3.1504860064169122,207.4648391796299,2026-08-24 13:27:56.411610
3.0,0.6435913239036768,23.0912865215242,heavy,1.9272873389239122,221.97671473584703,2026-08-24 13:28:56.411610
3.0,1.0479944000156063,22.66374283432826,idle,3.0600604477880866,213.30331624310637,2026-08-24 13:29:56.411610
3.0,1.075580750003332,24.344244905375824,idle,3.3412767547687414,205.17989017065958,2026-08-24 13:30:56.411610
3.0,0.8682522605504346,20.95065149152781,medium,2.6850540034756207,161.4489817163166,2026-08-24 13:31:56.411610
3.0,0.8194140493575133,22.66736258240216,heavy,2.4246068183794383,174.98846925474663,2026-08-24 13:32:56.411610
3.0,0.988253956811978,24.190527991661167,medium,2.909707285082173,142.77938932090342,2026-08-24 13:33:56.411610
3.0,1.3225987121162872,22.076324608168388,light,3.9936791138233505,105.61120747788279,2026-08-24 13:34:56.411610
3.0,0.6786077613590875,24.40120793197255,light,2.1070256863313417,207.72891084796478,2026-08-24 13:35:56.411610
3.0,1.20752053724906,23.419406256576607,medium,3.685897712708904,119.72701251379561,2026-08-24 13:36:56.411610
3.0,0.911259067053869,24.213246673051287,medium,2.836701631337835,155.0942268872981,2026-08-24 13:37:56.411610
3.0,0.8289315580349458,20.31952620421727,light,2.4056619094740253,170.64491989383217,2026-08-24 13:38:56.411610
3.0,1.0437153396203436,21.732395054321092,medium,3.0943387154535102,132.92524359488618,2026-08-24 13:39:56.411610
3.0,1.4174126333594355,24.914817442592174,idle,4.206395961243922,156.65890704967208,2026-08-24 13:40:56.411610
3.0,0.9637446178075618,21.1099055555956,heavy,2.864134813743651,154.01365205706972,2026-08-24 13:41:56.411610
3.0,1.0054160641399261,20.46039658688838,idle,2.959793489637352,208.77411798677082,2026-08-24 13:42:56.411610
3.0,1.0213193908414917,27.080015028386303,heavy,3.0244094710007743,144.21875165028644,2026-08-24 13:43:56.411610
3.0,1.0677076904086586,24.197057835083136,heavy,3.195945116260025,133.00031360617012,2026-08-24 13:44:56.411610
3.0,1.0208771236018963,23.435560870922778,idle,3.057946768719588,211.49480777249173,2026-08-24 13:45:56.411610
3.0,0.7472778696270385,23.793698624249892,medium,2.2061891887500265,185.05482469059606,2026-08-24 13:46:56.411610
3.0,1.3317400283251115,24.26818111223706,medium,3.9616803890856955,99.82987265492908,2026-08-24 13:47:56.411610
3.0,0.8365740498192283,24.5585325515244,idle,2.492415127317638,259.74603359040435,2026-08-24 13:48:56.411610
3.0,1.1048152506292932,22.237886093628113,heavy,3.3565781953214087,123.82440060764576,2026-08-24 13:49:56.411610
3.0,1.0190764259861442,21.541170003040047,light,3.037436191904632,141.75594310659272,2026-08-24 13:50:56.411610
3.0,1.1400504378987897,28.007000913899518,light,3.4380815435455805,124.423441140908,2026-08-24 13:51:56.411610
3.0,1.0717155625205217,22.96352667192662,medium,3.2865932580588377,135.34207419032427,2026-08-24 13:52:56.411610
3.0,1.0138753147983846,23.50287203163701,heavy,3.094456349442468,132.3985962771286,2026-08-24 13:53:56.411610
3.0,0.9426131187462072,24.187960634849304,medium,2.8910928433872436,155.96321999795325,2026-08-24 13:54:56.411610
3.0,1.1554701295432523,21.719097882544915,light,3.4499396203032724,125.66537985342777,2026-08-24 13:55:56.411610
3.0,0.7630780737348619,24.37202065115633,idle,2.2107096443115237,282.8712604892377,2026-08-24 13:56:56.411610
3.0,0.7866849458775957,24.292990310748692,idle,2.3691658715325166,271.2797506223868,2026-08-24 13:57:56.411610
3.0,0.8850301883983024,24.360915874798945,light,2.639233618346008,174.0677873609205,2026-08-24 13:58:56.411610
3.0,0.9859189536762718,23.78532207806014,idle,2.988151035417995,211.1139514863817,2026-08-24 13:59:56.411610
3.0,1.2047665522049968,26.18623787942305,idle,3.728777002063931,184.82955489750185,2026-08-24 14:00:56.411610
3.0,0.8510371608153984,22.00716268404147,light,2.5583733814181007,163.32764089310297,2026-08-24 14:01:56.411610
3.0,0.8575608207244879,24.55353377063226,light,2.5713336620237914,159.5315337957747,2026-08-24 14:02:56.411610
3.0,0.7088548482348993,26.65299945318673,light,2.1350238388061125,198.6970113441525,2026-08-24 14:03:56.411610
3.0,0.7745789106918548,25.512588355935687,heavy,2.2978770937629873,179.86380780857462,2026-08-24 14:04:56.411610
3.0,0.7399506876908286,22.33732747242094,idle,2.2387573353562904,292.31230857968075,2026-08-24 14:05:56.411610
3.0,0.8848568207243563,23.932722274800334,heavy,2.670037126474982,159.87601663452853,2026-08-24 14:06:56.411610
3.0,0.8695466469684223,20.710644934519514,heavy,2.667537607950564,173.59693224985682,2026-08-24 14:07:56.411610
3.0,0.847650669759464,20.77323967459243,idle,2.52031756446933,256.3473078892265,2026-08-24 14:08:56.411610
3.0,1.0507463017769063,27.60291320923617,idle,3.119160037210896,207.12477577526744,2026-08-24 14:09:56.411610
3.0,1.0032088287139957,24.416536544741508,idle,2.9656908314472603,209.04531242228563,2026-08-24 14:10:56.411610
3.0,1.0251399665454004,21.807865770054768,heavy,3.0765881154505346,142.30337783596656,2026-08-24 14:11:56.411610
3.0,0.7708512899483447,23.513898641868803,idle,2.2652683805985765,294.75075319936224,2026-08-24 14:12:56.411610
3.0,1.1040130519904832,23.592775890574824,light,3.4010616995476024,129.61916831480278,2026-08-24 14:13:56.411610
3.0,1.167514609450281,24.944520137540334,idle,3.4935004979076014,177.25421292138648,2026-08-24 14:14:56.411610
3.0,0.6286030239497252,21.554413831824604,heavy,1.8319557262822497,227.50886306145244,2026-08-24 14:15:56.411610
3.0,1.0308694243270966,25.36826517046007,idle,3.0708365689198103,203.07580499747348,2026-08-24 14:16:56.411610
3.0,0.7274096145151888,24.172730991525285,idle,2.149062942571561,296.9056380962814,2026-08-24 14:17:56.411610
3.0,1.0272314965619915,23.62463155071502,heavy,3.0817166403706455,148.8616080910453,2026-08-24 14:18:56.411610
3.0,0.8304046501380866,23.64215271041595,medium,2.4262591830059637,175.56553840632859,2026-08-24 14:19:56.411610
3.0,0.6295201756191131,24.34726716177123,heavy,1.88169625504541,222.60510843925917,2026-08-24 14:20:56.411610
3.0,0.619554367636779,25.03910187954113,idle,1.8674571001439562,343.1529030163837,2026-08-24 14:21:56.411610
3.0,0.7825055422328182,21.628779052244695,idle,2.3496202359075533,280.5999838456426,2026-08-24 14:22:56.411610
3.0,0.939446390113676,26.06598632941019,idle,2.779048800199586,233.82992209077426,2026-08-24 14:23:56.411610
3.0,0.8109259649783506,23.969798043700393,idle,2.47220099340488,257.96867552007416,2026-08-24 14:24:56.411610
3.0,0.6182339018442422,24.983835329161582,medium,1.9708598035477467,234.3521005314318,2026-08-24 14:25:56.411610
3.0,0.5813967903176994,23.94199613025817,heavy,1.6585082978089924,244.4925426469366,2026-08-24 14:26:56.411610
3.0,0.7414948042311886,24.56251850717246,heavy,2.120030654088601,200.5826134843181,2026-08-24 14:27:56.411610
3.0,0.9628919379847711,25.239452869142383,light,2.862645828211328,146.92431878062004,2026-08-24 14:28:56.411610
3.0,0.7432578200105058,24.796578033865554,light,2.149514552626789,195.5552880663106,2026-08-24 14:29:56.411610
3.0,0.8039687863745661,24.297176438941435,heavy,2.306461713780625,179.48589891442438,2026-08-24 14:30:56.411610
3.006246056765627,0.7903168936124169,25.75247754825367,heavy,2.44889982298901,184.19633452400623,2026-08-24 14:31:56.411610
3.069081066677662,0.7003647893194089,25.827127032611465,light,2.186871091607512,212.47698445373604,2026-08-24 14:32:56.411610
3.001592955550264,0.7113459456762258,24.730168054516596,light,2.076671347564503,204.03595202994248,2026-08-24 14:33:56.411610
3.083143219665591,0.6242001707641447,25.48179591641687,light,1.8872204348642725,225.13135723163293,2026-08-24 14:34:56.411610
3.093832289311779,0.5751332349917905,26.55877395671994,light,1.7751844590374104,245.43131230154958,2026-08-24 14:35:56.411610
3.1105699172465227,0.3028738089923748,22.97519406308918,light,0.8925489308174454,477.08773148660055,2026-08-24 14:36:56.411610
3.096632501632496,0.6202499521181886,24.592105407052376,idle,1.870238042581978,343.3252481976583,2026-08-24 14:37:56.411610
3.111963170336621,0.42546302070541914,27.15667588343459,heavy,1.2059863159329807,334.86389897549094,2026-08-24 14:38:56.411610
3.1724715542208513,0.5938340653506343,24.993301689488117,heavy,1.8393399156557428,244.72214109376324,2026-08-24 14:39:56.411610
3.186918043468853,0.6839686162988621,23.452923725312385,medium,2.2582562823488415,205.23305549593763,2026-08-24 14:40:56.411610
3.2037642422115136,0.14219577154256247,23.28755059255876,medium,0.4072826740084751,1012.5548161684981,2026-08-24 14:41:56.411610
3.201534403236847,0.22153529118449733,24.351138629432523,heavy,0.7393085208152028,638.3854603182979,2026-08-24 14:42:56.411610
3.2253174696272993,0.4103152751516383,25.28444706910464,heavy,1.3544882149476687,355.0250843087754,2026-08-24 14:43:56.411610
3.2629422003311404,0.8698907209460126,24.33509060932959,idle,2.8550722447919745,245.11121049989825,2026-08-24 14:44:56.411610
3.242079208001649,0.3287685931777412,21.980950412871238,light,0.9644254310370397,429.93414278083026,2026-08-24 14:45:56.411610
3.293805460407781,0.518305346193948,25.940514319969342,idle,1.7472982345709396,413.69137289612365,2026-08-24 14:46:56.411610
3.295473661305249,0.5650250687786966,25.493278432807227,heavy,1.825514528366534,245.1733203081543,2026-08-24 14:47:56.411610
3.278484570620752,0.675593639040476,27.496488665320964,medium,2.2650763259828244,215.28901751795675,2026-08-24 14:48:56.411610
3.335986841502527,0.24415122801700787,23.382405387674034,light,0.7847116347405769,588.3650729069028,2026-08-24 14:49:56.411610
3.3561192247138605,0.35498252521140883,22.30773967109959,light,1.1929290133625694,412.03026789501223,2026-08-24 14:50:56.411610
3.395483622652785,0.5924276392939203,23.469487069341586,medium,1.9968621167819753,248.28428931887095,2026-08-24 14:51:56.411610
3.3970660956596013,0.3721082986889547,23.437772951821575,light,1.258700147233709,377.57430512419677,2026-08-24 14:52:56.411610
3.371509332212126,0.21260638194380418,26.25844745633693,light,0.7311226972901818,670.1541105696167,2026-08-24 14:53:56.411610
3.4218336293571485,0.292805394429536,27.009064283598175,light,1.0705250375659454,499.13574372144393,2026-08-24 14:54:56.411610
3.431424318416265,0.46404088630000145,26.14921422602996,heavy,1.6947184180514352,308.2269071460339,2026-08-24 14:55:56.411610
3.473383514039598,0.34928351783094547,25.377097650963414,light,1.1860032269015528,417.9730984970348,2026-08-24 14:56:56.411610
3.478650896973022,0.3799604729464027,24.34861214189263,heavy,1.233579174321163,372.07188595508404,2026-08-24 14:57:56.411610
3.453231598949007,0.045817386018649764,25.929383826188232,medium,0.20988272983566467,3140.468157717493,2026-08-24 14:58:56.411610
3.5318249957147043,0.19462659939461774,23.800832134700332,heavy,0.7006895887405596,738.052529633633,2026-08-24 14:59:56.411610
3.5258264350545723,0.5077022513878153,25.80746851099617,medium,1.7628748069682123,278.8708277119257,2026-08-24 15:00:56.411610
3.519077565451336,0.33213625020323995,25.21965306274188,medium,1.1152506850793502,425.6682248214291,2026-08-24 15:01:56.411610
3.5210280491947983,0.18240038400240588,25.86609973880208,heavy,0.6328121570355392,785.0260090972531,2026-08-24 15:02:56.411610
3.5495759446030837,0.3078037463326073,25.755827923466367,idle,1.078812052755973,703.7600154116199,2026-08-24 15:03:56.411610
3.620346218064656,0.30759099915238,26.76302717980508,light,1.0452459409554435,461.41929417795467,2026-08-24 15:04:56.411610
3.6042341734506476,0.3561927340693911,23.864786577820034,medium,1.2679122677821824,408.8576701749763,2026-08-24 15:05:56.411610
3.6245786894654706,0.19759650262069717,25.22017009955273,light,0.6616059931634392,719.3633220867082,2026-08-24 15:06:56.411610
3.667891986942034,0.19933117431992048,27.64554979939911,idle,0.7134179052221812,1080.9929390918865,2026-08-24 15:07:56.411610
3.653838261875719,0.034558697500497976,24.058591621891846,heavy,0.06913739974666006,4163.2232966681895,2026-08-24 15:08:56.411610
3.6827767360169594,0.22187253139657528,24.508314350308922,heavy,0.8608052533744567,649.0896868699903,2026-08-24 15:09:56.411610
3.7080867423674295,0.35068035008336595,25.485108105990935,medium,1.2907002857497059,413.31085661545364,2026-08-24 15:10:56.411610
3.7148998348726803,0.12556233570092185,25.507493877400073,heavy,0.41879027386586104,1148.079789316241,2026-08-24 15:11:56.411610
3.7399945495834843,0.162864527192586,27.004079528074897,heavy,0.5907261347284526,883.2353048207548,2026-08-24 15:12:56.411610
3.716620223525712,0.46654550207008316,25.65873432632044,idle,1.7365814709598713,455.43974148523324,2026-08-24 15:13:56.411610
3.7334038073115616,0.34698829266702935,25.83846590557141,idle,1.1878912109140718,622.6870708202124,2026-08-24 15:14:56.411610
3.7643322161251485,0.41308086437876357,25.873637477482983,light,1.414333630827329,354.7366573458026,2026-08-24 15:15:56.411610
3.7859248253278097,0.4928195634472314,27.088645451858582,idle,1.8850070297840145,441.9677256694525,2026-08-24 15:16:56.411610
3.818869396452286,0.07164143087345953,26.070591508648857,medium,0.27322146383320584,2016.8223633321031,2026-08-24 15:17:56.411610
3.80791051038858,0.19720217111938618,27.067269737344414,light,0.7889859649698042,722.4585972236839,2026-08-24 15:18:56.411610
3.8344179632216906,0.18255661195246142,24.86498757733671,heavy,0.6965376663227887,790.0734599470036,2026-08-24 15:19:56.411610
3.8660390299899126,0.22578560861657127,26.075610626754134,heavy,0.9315105149947351,634.0888730079868,2026-08-24 15:20:56.411610
3.8594719534463016,0.16638467846543323,25.49456004072973,light,0.6936749070318428,868.2610325478905,2026-08-24 15:21:56.411610
3.8956458498542608,0.3426423954110295,23.887081320811753,light,1.3837159743662368,416.7335478591967,2026-08-24 15:22:56.411610
3.8977914958448583,0.08707934432455167,25.339500657160222,medium,0.3465823517283143,1650.3525339291473,2026-08-24 15:23:56.411610
3.9063680280211823,0.13676469523511436,26.143929389170538,heavy,0.5415317008908328,1041.3672803889065,2026-08-24 15:24:56.411610
3.904867505612522,0.5271352261784452,22.223681242944252,medium,2.1396148069180057,281.2050190620859,2026-08-24 15:25:56.411610
3.9182352544145864,0.3212743339645381,27.377502461934668,heavy,1.2749404194264085,444.5740649934037,2026-08-24 15:26:56.411610
3.9329155552310886,0.2885273714418098,27.15006859959365,light,1.176362458753511,491.73114370800334,2026-08-24 15:27:56.411610
3.982638633052736,0.26091686176564977,26.337734212991055,medium,0.9804564617733403,553.823286745332,2026-08-24 15:28:56.411610
3.9859174388012053,0.3213294777976324,25.610157714998373,idle,1.319204631908963,668.2008513515169,2026-08-24 15:29:56.411610
3.9911144833514443,0.22563730462208512,22.231480276979898,light,0.790535602618768,646.6517603773046,2026-08-24 15:30:56.411610
3.998637126425833,0.39877041535152546,26.329476373792286,idle,1.5897081938942779,538.6586597152598,2026-08-24 15:31:56.411610
3.9871206696654338,0.25221759685214723,24.539619250715134,idle,1.0493482344350562,849.8611445656521,2026-08-24 15:32:56.411610
3.9972802997889634,0.24613233141195534,24.984078429156657,idle,1.035417093100975,874.3201840422456,2026-08-24 15:33:56.411610
4.034715033004885,0.24903663219167005,25.8523137819424,light,1.0586396607622264,579.5362976204442,2026-08-24 15:34:56.411610
4.0598674642944,0.12143217166511372,28.71518133762445,medium,0.4193569050858222,1180.677478855798,2026-08-24 15:35:56.411610
4.047123785568547,0.4066631710348493,23.75332633593254,medium,1.6602669760689972,357.69220743381345,2026-08-24 15:36:56.411610
4.0701502969687136,0.06309779561055803,27.08952083637866,medium,0.30126446086599246,2286.474558934112,2026-08-24 15:37:56.411610
4.06818008325712,0.38789162467037547,25.31756103479718,idle,1.5399660965711772,564.1575801306849,2026-08-24 15:38:56.411610
4.099795337931725,0.2940635642320116,25.919088946675544,light,1.1428768762428914,489.91537608491615,2026-08-24 15:39:56.411610
4.082103758724938,0.32260022751514733,23.605668733190836,idle,1.3160919015139627,668.0613904675499,2026-08-24 15:40:56.411610
4.095226837864849,0.32434946718702995,28.13399308142187,medium,1.2901382950116567,441.60598674735274,2026-08-24 15:41:56.411610
4.08885463046775,0.47170028804773534,25.60835783279592,medium,1.9297656777217609,294.29695340607446,2026-08-24 15:42:56.411610
4.113659506258179,0.5609076764967555,25.94455482198145,light,2.2995694385174166,260.93543969334024,2026-08-24 15:43:56.411610
4.124710434652671,0.15976310524945586,25.442483536783936,idle,0.6577398148838045,1354.9253319147535,2026-08-24 15:44:56.411610
4.16477162963551,0.6221542704912073,26.568533136827405,light,2.601795171592528,229.92964842479017,2026-08-24 15:45:56.411610
4.133509883508657,0.1414676432821272,27.003736491987535,medium,0.5467503915201806,1025.5709688245202,2026-08-24 15:46:56.411610
4.138172150855404,0.2529239143235465,28.014246289000123,heavy,1.0075611702840188,581.2713936521758,2026-08-24 15:47:56.411610
4.148810654727018,0.11602902821220762,26.058835439240173,heavy,0.4628441753109722,1242.6288831056702,2026-08-24 15:48:56.411610
4.168810722427816,0.413420431247569,26.601766416076185,heavy,1.7312821078284557,348.23294193520064,2026-08-24 15:49:56.411610
4.166217435293186,0.3719950688202239,28.33600479131002,light,1.5544094317304502,380.15310527293855,2026-08-24 15:50:56.411610
4.153494498541652,0.15187230377263122,28.03694547243671,light,0.5980768447531105,943.0655612596067,2026-08-24 15:51:56.411610
4.147825992791459,0.41487781952629077,25.562854000357447,light,1.7537218258826452,346.5139105130678,2026-08-24 15:52:56.411610
4.145508400191497,0.7828491281730867,28.058731981260074,heavy,3.2664404465891828,184.818696158146,2026-08-24 15:53:56.411610
4.1577581568499165,0.6075436071252871,26.31782519437108,light,2.651377719691275,230.57214237064417,2026-08-24 15:54:56.411610
4.1813109012806855,0.22930179379177004,27.29685465199032,idle,0.9924620528275333,933.7174666301121,2026-08-24 15:55:56.411610
4.177807013804603,0.4753302812430168,26.140928309546602,heavy,2.0610176544454366,307.76669233125216,2026-08-24 15:56:56.411610
4.20395005820015,0.3549034712737764,24.39847363177307,light,1.5456355484526683,401.70363946336477,2026-08-24 15:57:56.411610
4.163507248775507,0.7111488703471404,25.546898733442408,light,2.91876211025687,207.57208859569567,2026-08-24 15:58:56.411610
4.225842023376683,0.4418326165387279,28.046925711837254,heavy,1.804089366311024,320.7964860228833,2026-08-24 15:59:56.411610
4.19118208963309,0.7075968790047186,27.371124261129843,medium,3.0292592478691547,204.90712541248828,2026-08-24 16:00:56.411610
4.193657415403875,0.2164917881788514,25.813748570590228,heavy,0.8676846022030307,661.3112981726825,2026-08-24 16:01:56.411610
4.196786874333416,0.5205725303652919,26.592991598337054,idle,2.3102580747534094,416.6134106120126,2026-08-24 16:02:56.411610
4.193257476020554,0.37515135054624626,25.850860193105895,light,1.5096308744899045,374.9354905482528,2026-08-24 16:03:56.411610
4.212672498202835,0.11359553783072274,27.058100641097997,light,0.47995618477771534,1276.5165441586366,2026-08-24 16:04:56.411610
4.23671591584463,0.6579264819556994,24.223376779509675,idle,2.6969267055442825,321.6074361982079,2026-08-24 16:05:56.411610
4.214600607164219,0.6048647311782761,28.132035313376413,medium,2.510246080918905,236.25953648864046,2026-08-24 16:06:56.411610
4.214265510875649,0.8748887189629844,28.54333981896558,medium,3.6635343634275612,167.41815651933894,2026-08-24 16:07:56.411610
4.221574955375152,0.32914795825320436,26.87429635649735,light,1.3700539356500483,434.94250094922535,2026-08-24 16:08:56.411610
4.215525739371687,0.7801316382236003,29.777747386222483,medium,3.287670013408186,182.03061423107707,2026-08-24 16:09:56.411610
4.1760422087014835,0.6965357606927772,27.707631127053574,medium,2.941430283328745,208.7473707828873,2026-08-24 16:10:56.411610
4.210870881572404,0.7090671913864506,26.260510897577248,heavy,3.000843308870864,208.42742665304746,2026-08-24 16:11:56.411610
4.199928784805981,0.7367711225172245,29.34821184028836,light,3.1072890883269597,195.9684982885878,2026-08-24 16:12:56.411610
4.183694781667279,0.7749772289245833,30.438359471828463,medium,3.2223779678654507,183.3396650356158,2026-08-24 16:13:56.411610
4.184556789282564,0.8204465220501715,27.843297966659822,heavy,3.4515266820717105,173.75873632935244,2026-08-24 16:14:56.411610
4.172058237374083,0.6122547381672614,25.848866580344996,idle,2.584773797646019,347.79630588726866,2026-08-24 16:15:56.411610
4.1824264481209505,0.8179488743158957,27.85872119480953,idle,3.483959333775769,262.746224554792,2026-08-24 16:16:56.411610
4.1672634447204775,0.7119694436203199,27.974148385742453,heavy,2.924061148524171,201.28188084728905,2026-08-24 16:17:56.411610
4.142628099946579,0.8930882317008977,27.640253085467638,light,3.6972572543472664,167.13311281297564,2026-08-24 16:18:56.411610
4.14329176101056,1.0319662481207952,28.942095714555656,heavy,4.272777366595209,145.94844010766315,2026-08-24 16:19:56.411610
4.167535790897943,1.0422313935872822,29.189776567603648,medium,4.295410813617993,134.02930659676824,2026-08-24 16:20:56.411610
4.164208638877275,0.7369187799710863,25.795503144495285,light,3.052499114446268,198.16527301763304,2026-08-24 16:21:56.411610
4.134195110137878,1.058503763731248,26.77083605899291,light,4.281022565839768,141.09129764852057,2026-08-24 16:22:56.411610
4.153751400878793,0.673349680399328,26.698191433922283,medium,2.79863028283272,224.0688309757923,2026-08-24 16:23:56.411610
4.147427594949221,0.7762836972727,28.7786028604619,light,3.3576907482056484,190.45391594891382,2026-08-24 16:24:56.411610
4.125845042785089,0.7828545883154,26.26770608337542,idle,3.189018946640115,275.00117175351204,2026-08-24 16:25:56.411610
4.140194880666582,0.5702419729877313,26.42557314757514,heavy,2.347188128773547,256.89869826563955,2026-08-24 16:26:56.411610
4.102148938793316,0.36349120875735963,27.628073536395966,heavy,1.383858419962242,399.52234218162425,2026-08-24 16:27:56.411610
4.10303833231027,0.8648603296028013,27.755587895966272,heavy,3.4748502916166353,171.21101132859124,2026-08-24 16:28:56.411610
4.1216950767393365,1.0012427525543837,28.81160700708486,light,4.105875873159894,148.6907735868184,2026-08-24 16:29:56.411610
4.046551233059424,0.4533466443672976,26.657014757412792,medium,1.7855412539470015,321.36454677356096,2026-08-24 16:30:56.411610
4.080516126613523,0.7638278022057582,26.430930371767456,medium,3.1686131029536693,201.64760966669783,2026-08-24 16:31:56.411610
4.077554408951501,1.0009424379152674,29.12446375753132,medium,4.028374512601784,149.30416165901167,2026-08-24 16:32:56.411610
4.050191202724478,1.0688085732987358,26.24030589151399,medium,4.364332560419874,137.1016679165467,2026-08-24 16:33:56.411610
4.062406253979264,0.5629125578772788,27.029450580051744,heavy,2.2621252796367406,253.14067026069702,2026-08-24 16:34:56.411610
4.080786350868953,0.6815311811660367,30.393122958976843,idle,2.85331817388562,316.18677392759196,2026-08-24 16:35:56.411610
4.041228579221314,1.1715141944424068,28.493281048572214,idle,4.728956964701197,191.9567649386189,2026-08-24 16:36:56.411610
4.054107566660784,0.951585876024134,27.789957161213238,medium,3.926342744550204,145.20756384389463,2026-08-24 16:37:56.411610
4.002745266245387,1.1058981828041383,29.11564806911015,heavy,4.307371565553284,123.69904523138993,2026-08-24 16:38:56.411610
4.0111252573748875,0.733264246324873,28.197966706131083,light,2.9990887326630746,196.14640585387244,2026-08-24 16:39:56.411610
3.9939883034280155,0.8660421658571011,25.88527715778304,idle,3.4616889808148614,249.9179071655882,2026-08-24 16:40:56.411610
3.9935014315514525,1.0739967541334579,27.792213186480083,light,4.233656096891923,128.65560386254495,2026-08-24 16:41:56.411610
4.002377822414237,1.3775563463708818,27.2828347047821,medium,5.607060206599084,104.04205465986857,2026-08-24 16:42:56.411610
3.9688019250885564,0.9981230439903005,32.28619134014449,medium,3.9798217486146665,142.2217300929961,2026-08-24 16:43:56.411610
3.9557167554330888,0.8685472503202736,28.41390904376795,light,3.3674823161062117,172.68563622031004,2026-08-24 16:44:56.411610
3.9350068232193975,1.0859727851655168,27.657548093511583,light,4.283371932427921,127.43498404380824,2026-08-24 16:45:56.411610
3.934935587454396,1.0198816742589571,29.534786512157226,light,4.006980316600464,138.70966574243099,2026-08-24 16:46:56.411610
3.938705189936932,1.1334647252783905,25.864043195853778,medium,4.426866207293974,126.22193350304664,2026-08-24 16:47:56.411610
3.8739553185523325,0.8872858607823741,28.15086745922697,light,3.460711818047158,163.0953841539241,2026-08-24 16:48:56.411610
3.9110789986959147,1.0536478671188818,28.587494848449076,medium,3.998396156310615,147.87864966814698,2026-08-24 16:49:56.411610
3.842170012320621,0.9056280993158059,27.066498406352753,medium,3.5132490229304043,162.2506317059147,2026-08-24 16:50:56.411610
3.8375995263002785,0.6432042536743239,30.602910775901243,heavy,2.4648057025074444,232.3923372854857,2026-08-24 16:51:56.411610
3.839101926806684,1.2281223975641018,29.795175103861713,heavy,4.72826533364921,112.68473814680078,2026-08-24 16:52:56.411610
3.831739555018461,0.9368320859749416,27.93814395269519,heavy,3.623204722156282,159.9620309361131,2026-08-24 16:53:56.411610
3.811768421527071,1.4600277584546184,29.971248433794262,light,5.643337159726575,96.7970323164102,2026-08-24 16:54:56.411610
3.773658293363441,1.1469467190730098,27.118434239012217,heavy,4.27276649255035,125.59993492083248,2026-08-24 16:55:56.411610
3.82967865175503,0.7974242470959473,26.081928670962014,idle,2.9932367414889676,268.9097473432618,2026-08-24 16:56:56.411610
3.7923347700382313,1.024403482499485,28.019097970022433,idle,3.8877884098633455,204.96681275745237,2026-08-24 16:57:56.411610
3.754076873962976,1.0743538954967022,28.76563599891248,idle,4.020638543819418,201.19572852888828,2026-08-24 16:58:56.411610
3.7278120525265415,0.7119261328542288,28.804963577498814,medium,2.7172333753590445,199.7910225564799,2026-08-24 16:59:56.411610
3.6891894279248945,1.2381949686288154,27.418277766600458,heavy,4.498872872601549,118.6472131804832,2026-08-24 17:00:56.411610
3.73100415186681,0.930225259731959,31.45783833975377,heavy,3.487918489569817,162.08224892819044,2026-08-24 17:01:56.411610
3.703128642207994,0.6054529257699739,24.835008557708356,light,2.1697541515849905,235.64314169984465,2026-08-24 17:02:56.411610
3.706261128350544,0.8398652221544856,28.343768983922025,idle,3.0827848184306457,249.67286954282133,2026-08-24 17:03:56.411610
3.6585252697206,1.0925094472433863,28.670750247838672,medium,3.972090574423487,136.16439115630962,2026-08-24 17:04:56.411610
3.633984607677134,1.2498469846998055,28.64508509414744,heavy,4.589149132897694,112.61625948716552,2026-08-24 17:05:56.411610
3.6391266440190715,1.0750631323876263,27.09752238480847,idle,3.908727974087407,205.31266798413566,2026-08-24 17:06:56.411610
3.6040548897391997,0.8823848428342823,25.393739763645662,medium,3.180034679600089,169.62837523777864,2026-08-24 17:07:56.411610
3.5751151081529646,0.8544034344920888,26.64637786886197,light,3.1005240799150338,168.34163916695607,2026-08-24 17:08:56.411610
3.5469654014500813,1.1461939639488958,30.043693138232197,light,4.062484567046843,121.81465689631658,2026-08-24 17:09:56.411610
3.5437976732862486,0.8563612760310788,27.48810547893978,heavy,2.97002463196438,172.48781795753177,2026-08-24 17:10:56.411610
3.540438104636091,1.010639523787092,27.597910966816784,idle,3.579318874844158,207.4751815331283,2026-08-24 17:11:56.411610
3.53011524841185,0.7000222569886031,26.1362592217209,light,2.4681313829904683,204.68419188229893,2026-08-24 17:12:56.411610
3.4995711607543445,0.8794670286827528,27.826297598633456,medium,3.0249019190455217,162.0769958365798,2026-08-24 17:13:56.411610
3.463670445251342,1.031592550254625,30.160424128601584,idle,3.6004163045808237,213.8523921743908,2026-08-24 17:14:56.411610
3.47450998059582,1.130363483863116,27.01255516794549,medium,3.9015494075874297,127.13648314540585,2026-08-24 17:15:56.411610
3.463266048087126,0.6224295029296179,25.178424437306447,heavy,2.221334710885151,235.23233818211148,2026-08-24 17:16:56.411610
3.4301396470669228,1.2148147646225538,31.870646834406003,idle,4.138813261562086,177.74879749310588,2026-08-24 17:17:56.411610
3.430474085029714,1.2096829144108865,25.27524501438533,light,4.129137985133871,119.65946461181667,2026-08-24 17:18:56.411610
3.3983155400588423,0.965099812292797,31.02619217070693,heavy,3.303703436302305,138.8485289271689,2026-08-24 17:19:56.411610
3.3788539562209596,0.9818223974212141,28.296345237164534,idle,3.3113426712718073,220.17850317351798,2026-08-24 17:20:56.411610
3.3530282804248266,1.1215574943499407,28.756162396016773,light,3.7736936154626357,129.8928323947756,2026-08-24 17:21:56.411610
3.344155870228546,0.6628740522538273,30.235519689042285,light,2.171320846492027,216.13569502554512,2026-08-24 17:22:56.411610
3.2936853123768524,1.314564389071453,28.98417386435413,medium,4.262328596591429,111.85304507355602,2026-08-24 17:23:56.411610
3.267011561315126,1.1183598894698383,30.637194270799363,heavy,3.589467369398004,122.44446621351541,2026-08-24 17:24:56.411610
3.333965018606041,0.963066957491111,28.579062810791026,medium,3.2146455809525176,148.33598646338302,2026-08-24 17:25:56.411610
3.2992968909037557,0.6635670259769714,30.4963081410899,idle,2.095517891456867,332.22830848490884,2026-08-24 17:26:56.411610
3.2693211620238105,1.065862070767303,25.39269896062039,medium,3.4272504343927994,130.13982242992597,2026-08-24 17:27:56.411610
3.235142399276423,0.6833707731365753,31.54476336093501,idle,2.1761561412377053,315.0185229862285,2026-08-24 17:28:56.411610
3.212921221328419,0.90263689989601,28.597626923267434,idle,2.903536491237246,243.08151966244716,2026-08-24 17:29:56.411610
3.211025100649931,0.7561517244615427,29.50388699261289,idle,2.4819901653954703,289.5817616206913,2026-08-24 17:30:56.411610
3.160600997928659,0.8478159389466973,27.701903767641042,medium,2.634634063809955,174.60709095202535,2026-08-24 17:31:56.411610
3.173023103888809,0.8056623996686822,32.065790404397454,light,2.5481375746180555,183.35481590414742,2026-08-24 17:32:56.411610
3.1384841097513463,0.9206731882620041,30.30639636039775,light,2.876243187049465,144.05580101776022,2026-08-24 17:33:56.411610
3.1654521682296273,0.4746915624769241,30.45172760532921,medium,1.5862907712477503,305.15247449408855,2026-08-24 17:34:56.411610
3.0796452906138914,0.6947177081076096,28.35784365088231,light,2.0584277577066756,209.54765041238292,2026-08-24 17:35:56.411610
3.090471883773958,0.8734988172521339,27.50162482069973,idle,2.7853614103157702,243.9928922502511,2026-08-24 17:36:56.411610
3.0983503207653134,0.4585084391485772,28.418904139886468,medium,1.42532959552656,313.003401577826,2026-08-24 17:37:56.411610
3.0465749196989393,0.3665451234716212,28.61968069346181,light,1.0420218266593761,398.83405696975086,2026-08-24 17:38:56.411610
3.0675208660722895,0.4576659642980576,28.49085969703585,light,1.3888652197184055,317.65110618806534,2026-08-24 17:39:56.411610
3.002324276012353,0.7545696090302332,26.247825937470406,heavy,2.203192326073118,191.6787886808742,2026-08-24 17:40:56.411610
3.008650359203877,0.5457181632129493,27.05286366362216,idle,1.6603992826375218,388.6706416893693,2026-08-24 17:41:56.411610
3.0,0.629021707346904,30.43522029742497,idle,1.8232151847554496,350.4443097046614,2026-08-24 17:42:56.411610
3.0,0.5990067936813656,30.784832900131917,heavy,1.6769665015215105,238.57472977845123,2026-08-24 17:43:56.411610
3.0,0.12065870258743494,28.606240742120015,heavy,0.3422652789135038,1195.784810381037,2026-08-24 17:44:56.411610
3.0,0.5539197318139039,28.00453378826509,heavy,1.568894800420192,255.5627326108474,2026-08-24 17:45:56.411610
3.0,0.4857294842402654,27.761885286427166,light,1.4300827428429967,294.0471750075981,2026-08-24 17:46:56.411610
3.0,0.43842764274020507,28.33652015038591,heavy,1.2192647515480854,338.5795285642484,2026-08-24 17:47:56.411610
3.0,0.14307617848925336,29.075765067418924,medium,0.44760457110029045,1017.4126923549028,2026-08-24 17:48:56.411610
3.0,0.27811697412343195,28.99653538483037,heavy,0.8554437177835371,519.1573439512099,2026-08-24 17:49:56.411610
3.0,0.6367043273911591,28.49507368410513,light,1.8641765236238466,221.5181751910559,2026-08-24 17:50:56.411610
3.0,0.5183018985644656,28.43694442175746,heavy,1.532579938737004,278.2748040300183,2026-08-24 17:51:56.411610
3.0,0.17229433801617194,28.779904532392173,light,0.5989415662311491,832.610720657525,2026-08-24 17:52:56.411610
3.0,0.5898676262348063,27.20935499269721,medium,1.8154318877244018,231.48904797712916,2026-08-24 17:53:56.411610
3.0,0.3926993756253633,28.041330080537957,idle,1.1888128764064119,546.6228035902906,2026-08-24 17:54:56.411610
3.0,0.28970444225382336,27.935434793999775,medium,0.8438628317996423,500.6482681993713,2026-08-24 17:55:56.411610
3.0,0.45870969045973686,28.55552708799091,light,1.34489534000054,311.2447571472605,2026-08-24 17:56:56.411610
3.0,0.6815260998781147,30.956737761942026,idle,1.980147577585741,311.50076937265646,2026-08-24 17:57:56.411610
3.0,0.6338191943048125,29.47962147858161,medium,1.8579303265440748,231.3200375398411,2026-08-24 17:58:56.411610
3.0,0.21972918856576423,28.994494186698557,idle,0.7409702236821518,982.8124535072541,2026-08-24 17:59:56.411610
3.0,0.33558918497834467,28.39066996939296,medium,0.9122122044670635,421.3736774470294,2026-08-24 18:00:56.411610
3.0,0.22333262061823167,29.552087222578564,idle,0.6267123974279674,967.313263927054,2026-08-24 18:01:56.411610
3.0,0.4760828880942615,27.15871483236327,heavy,1.3488463542732303,302.96446730751177,2026-08-24 18:02:56.411610
3.0,0.23629405718566504,28.486761892592643,heavy,0.7445273303986298,605.3551000013535,2026-08-24 18:03:56.411610
3.0,0.48353499431678104,29.068059195605002,light,1.4587931315278457,298.7867651302242,2026-08-24 18:04:56.411610
3.0,0.29553222700005616,30.352360786370674,heavy,0.9219588369940698,495.77142916175876,2026-08-24 18:05:56.411610
3.0,0.43466266739598164,32.32351315524615,heavy,1.277957045576295,330.6734372585993,2026-08-24 18:06:56.411610
3.0,0.2251620852931841,29.46476914166021,light,0.7539427545304225,638.2213961586772,2026-08-24 18:07:56.411610
3.0,0.20318057058475925,28.993890167534875,idle,0.5861444141835573,1058.1876228864212,2026-08-24 18:08:56.411610
3.0,0.4621942473204762,29.13094745644514,medium,1.3917010640537044,316.2295459354637,2026-08-24 18:09:56.411610
3.0,0.3504852006610368,27.57091993033912,medium,1.022697822662411,412.33302174137157,2026-08-24 18:10:56.411610
3.0,0.5489510431401414,32.21518405323719,light,1.6442168205736654,264.58464127576576,2026-08-24 18:11:56.411610
3.0,0.2777348304463552,29.671017720736227,medium,0.9021681909204405,527.8844689874445,2026-08-24 18:12:56.411610
3.0,0.42445916247658766,29.647232392114056,light,1.3104580787836204,340.025175944125,2026-08-24 18:13:56.411610
3.0,0.5585691596860062,29.258192746804383,medium,1.7363430451581883,259.9395731305816,2026-08-24 18:14:56.411610
3.0,0.5547412949908365,32.211137487687886,medium,1.5559118764357898,260.3879562908436,2026-08-24 18:15:56.411610
3.0,0.5470649540367806,30.86289252288827,idle,1.6287344594688193,402.93099092072646,2026-08-24 18:16:56.411610
3.0,0.2992543882019381,32.70027942417394,idle,0.8469351121559712,723.4731541771692,2026-08-24 18:17:56.411610
3.0,0.2644814697963888,28.8564841250025,heavy,0.8188449372444938,543.8868562469524,2026-08-24 18:18:56.411610
3.0,0.22970435079833615,31.236513981866846,heavy,0.6921458530609285,626.6569905244854,2026-08-24 18:19:56.411610
3.0,0.033416266834400576,30.055408137369643,heavy,0.09822937107657413,4306.259227169855,2026-08-24 18:20:56.411610
3.0,0.4074253670942988,29.083531561165202,medium,1.2926942524225054,343.4849088629701,2026-08-24 18:21:56.411610
3.0,0.05622750947396518,29.045713034486443,medium,0.2555917033776743,2556.3924141742473,2026-08-24 18:22:56.411610
3.0,0.15863204157825378,28.97261167591701,medium,0.45856384222795465,904.4755862809232,2026-08-24 18:23:56.411610
3.0,0.4032797317525251,26.724900232112258,heavy,1.1708531178117565,351.24375479465476,2026-08-24 18:24:56.411610
3.0,0.34284695952309535,30.2520154489849,heavy,1.019684337811173,417.8584594812675,2026-08-24 18:25:56.411610
3.0,0.2735307244512301,27.876865583658102,light,0.9229141642286508,530.9859871038169,2026-08-24 18:26:56.411610
3.0,0.2394436918915709,29.975226215152297,light,0.7189577399202143,604.8066186923174,2026-08-24 18:27:56.411610
3.0,0.0748677756722104,32.36250462086084,medium,0.22844601108364043,1919.0851337027357,2026-08-24 18:28:56.411610
3.0,0.16847811982420757,30.711607428617718,heavy,0.42710473743476435,856.7421535653095,2026-08-24 18:29:56.411610
3.0,0.0626832964793616,26.846424452181264,light,0.21333277470216228,2299.4752751730625,2026-08-24 18:30:56.411610
3.0,0.388186022797596,27.215943894999537,idle,1.168530138678419,560.3119203669879,2026-08-24 18:31:56.411610
3.0,0.18998618840951198,31.876280489205357,heavy,0.4702274675624541,761.0251062103858,2026-08-24 18:32:56.411610
3.0,0.44020718318352997,30.153885457978916,light,1.3034306797512716,325.11288505163503,2026-08-24 18:33:56.411610
3.0,0.4179047929137635,29.63817468829798,heavy,1.2491767079339242,343.65200415909294,2026-08-24 18:34:56.411610
3.0,0.26050282903497446,31.820784343152006,light,0.7855198592371808,566.3987544494614,2026-08-24 18:35:56.411610
3.0,0.3684725896145844,31.802519973527716,heavy,1.0959791174184996,385.5524418087548,2026-08-24 18:36:56.411610
3.0,0.5336025393841465,30.47650528376107,medium,1.6156285630582234,274.72294775071197,2026-08-24 18:37:56.411610
3.0,0.11500834812952698,29.137048133162505,idle,0.35745204936944264,1881.4774175579653,2026-08-24 18:38:56.411610
3.0,0.40542876210291956,29.83196655532557,idle,1.2030983398526198,526.2812307457441,2026-08-24 18:39:56.411610
3.0,0.3161941416521174,31.024193882982182,light,0.9701005458709114,454.87265960590344,2026-08-24 18:40:56.411610
3.0,0.3565624030794304,27.962184971100683,medium,1.0569007803629424,401.57771120437974,2026-08-24 18:41:56.411610
3.0,0.10947081009759177,30.404814925763905,medium,0.3476003096413429,1316.86897606611,2026-08-24 18:42:56.411610
3.0,0.052405747741304354,31.68430975005964,medium,0.26574315905438206,2757.399801061996,2026-08-24 18:43:56.411610
3.0,0.36577873501883806,32.08540721096117,medium,1.07906212146102,393.73082975041655,2026-08-24 18:44:56.411610
3.0,0.34447125612138685,28.442922524289763,idle,0.9125837210617177,620.1316645137366,2026-08-24 18:45:56.411610
3.0,0.5657349332387331,29.052267280587053,medium,1.7078970330647956,257.16388391318225,2026-08-24 18:46:56.411610
3.0,0.24941599083470706,30.32554843251247,idle,0.7190028205867064,865.28006741493,2026-08-24 18:47:56.411610
3.0,0.6073353314344463,29.371010779100374,medium,1.8528041477012207,236.62818755283757,2026-08-24 18:48:56.411610
3.0,0.24887272653707065,29.458620049957446,medium,0.8111403834058182,569.6054925568473,2026-08-24 18:49:56.411610
3.0,0.1660006792015872,33.18958561535701,light,0.47114556028634863,869.1428770031357,2026-08-24 18:50:56.411610
3.0,0.27153405150779647,30.900463760840733,light,0.7590406872838951,525.6533601358467,2026-08-24 18:51:56.411610
3.0,0.651318778833788,29.08945122373101,light,1.9900361767998116,221.80283595849613,2026-08-24 18:52:56.411610
3.0,0.37056522247544865,28.336434419657326,idle,1.0858748946413428,588.5299100058651,2026-08-24 18:53:56.411610
3.0,0.23406289246501094,30.603779320512842,medium,0.7043548415268577,607.6321146391423,2026-08-24 18:54:56.411610
3.0,0.45069454274787574,26.71134119029746,idle,1.4710323529430562,480.18531865143575,2026-08-24 18:55:56.411610
3.0,0.2999545301703068,27.9303487436085,heavy,0.9965523808265296,473.7415644418529,2026-08-24 18:56:56.411610
3.0,0.41262659372022154,30.707798099440936,medium,1.1891138495496725,355.34407893548513,2026-08-24 18:57:56.411610
3.0,0.3599157798195031,29.377882684001985,idle,1.0755690464018415,598.7333273074843,2026-08-24 18:58:56.411610
3.0,0.05283492144911622,29.032598144617317,heavy,0.197203748078211,2723.5777788201326,2026-08-24 18:59:56.411610
3.0,0.9159286443016422,29.153782967253854,idle,2.696308937465811,229.62962261758952,2026-08-24 19:00:56.411610
3.0,0.43856375144734844,29.26996759319751,heavy,1.3353711063251008,330.5454762883372,2026-08-24 19:01:56.411610
3.0,0.637759382024679,31.90606409644272,heavy,1.870364678713858,222.75799263618092,2026-08-24 19:02:56.411610
3.0,0.8109230170734261,28.29804856262081,idle,2.3966178219413274,264.42852180511585,2026-08-24 19:03:56.411610
3.0,0.8081078231187528,30.250653151693175,heavy,2.365107565070764,171.17180883037454,2026-08-24 19:04:56.411610
3.0,0.20540958116508207,32.66589685334213,light,0.707749071775701,697.7441294320685,2026-08-24 19:05:56.411610
3.0,0.5709406728227183,28.304669730587676,idle,1.7856877090330632,378.6509191846931,2026-08-24 19:06:56.411610
3.0,0.27580551142841236,25.993222195535136,light,0.7599483408649883,529.0476463879314,2026-08-24 19:07:56.411610
3.0,0.6693178495151648,30.460336279154,heavy,2.1110590388263737,222.09828291406504,2026-08-24 19:08:56.411610
3.0,0.28834402211947197,29.859357590006056,idle,0.969526444193116,748.9222557275137,2026-08-24 19:09:56.411610
3.0,1.0514207930299313,29.0061894757337,heavy,3.141660420252005,137.75317397311085,2026-08-24 19:10:56.411610
3.0,0.7597156424471396,30.15046881611665,medium,2.306049648638728,186.93993609495018,2026-08-24 19:11:56.411610
3.0,0.7047795200740463,31.581325154228487,idle,2.11125438893696,304.69567244279136,2026-08-24 19:12:56.411610
3.0,0.6401972011371238,29.358289584032477,idle,1.9851141169899105,339.1348372341327,2026-08-24 19:13:56.411610
3.0,0.6309637530415266,32.54343001370925,light,1.9206825632989006,228.548437455839,2026-08-24 19:14:56.411610
3.0,0.49920468295467785,29.010870763246377,idle,1.5405108669393248,434.12775671965073,2026-08-24 19:15:56.411610
3.0,0.6311449481325917,30.12554974472386,medium,1.9694353004172562,230.14390767408364,2026-08-24 19:16:56.411610
3.0,0.5487464180343521,32.52489801783275,idle,1.6624082448023945,395.82696314316394,2026-08-24 19:17:56.411610
3.0,0.8057412299761715,30.162698504047736,medium,2.4042364235986384,188.1869971716947,2026-08-24 19:18:56.411610
3.0,0.9648685263830877,30.362805793462744,heavy,2.9148674561085874,155.0834766474236,2026-08-24 19:19:56.411610
3.0,0.6749503904947391,29.08089927721878,light,1.9493376979351076,213.04671812205788,2026-08-24 19:20:56.411610
3.0,1.0475970643199974,31.517361266611424,heavy,3.1714406457916953,133.00014358137543,2026-08-24 19:21:56.411610
3.0,0.454787950308606,29.2573249386315,light,1.3395473170236774,330.9123422851844,2026-08-24 19:22:56.411610
3.0,0.6989642882775874,28.501957529795114,idle,2.04949496709136,302.25200267006346,2026-08-24 19:23:56.411610
3.0,0.990112562568692,29.060956192231753,medium,2.8862372858209016,141.80495052103015,2026-08-24 19:24:56.411610
3.0,0.8546679145129966,27.973388326664427,idle,2.5552412712249954,249.95058723890315,2026-08-24 19:25:56.411610
3.0,0.7830985752279999,31.150207091163914,idle,2.3272576160371754,282.19168843614574,2026-08-24 19:26:56.411610
3.0,1.0250664313753026,29.460904100874817,heavy,3.0547338168272544,140.5689967251561,2026-08-24 19:27:56.411610
3.0,0.8445415339714006,27.049208775344777,medium,2.465644730198987,167.06014399824306,2026-08-24 19:28:56.411610
3.0,0.7230728171309636,30.23854939360226,idle,2.2440362553539974,293.69512830794514,2026-08-24 19:29:56.411610
3.0,0.8694747704685025,29.875824028028376,heavy,2.6728612911372647,169.41350142862592,2026-08-24 19:30:56.411610
3.0,0.44274860897973767,29.695355481973888,medium,1.2523823284236422,320.2676884456918,2026-08-24 19:31:56.411610
3.0,0.5733427714233602,32.523799562212155,idle,1.6148903773970957,371.05885265806575,2026-08-24 19:32:56.411610
3.0,0.7375369052633038,27.706619239909898,medium,2.152668691139218,191.81579786853328,2026-08-24 19:33:56.411610
3.0,0.8280297798799399,29.69411494897909,heavy,2.5454938952097685,164.84454094655158,2026-08-24 19:34:56.411610
3.0,0.7833350658233084,29.802004725490924,idle,2.3056299161024323,269.0093031541507,2026-08-24 19:35:56.411610
3.0,1.274723455011622,26.360355809187404,idle,3.8007495448995003,160.48443839337514,2026-08-24 19:36:56.411610
3.0,0.9578802901276191,30.08799824985353,idle,2.848537966688473,227.8817737279185,2026-08-24 19:37:56.411610
3.0,0.8837152119845494,30.132706440489468,medium,2.7147543583187566,157.11108777437533,2026-08-24 19:38:56.411610
3.0,0.7923275526182273,31.266731950873744,idle,2.380761207786487,274.5944658695939,2026-08-24 19:39:56.411610
3.0,0.9750409124968623,30.1463785839744,idle,2.9102697128220254,221.42874480262861,2026-08-24 19:40:56.411610
3.0,1.1304023378021173,30.744163664069674,medium,3.3332239978998044,128.72739925574209,2026-08-24 19:41:56.411610
3.0,0.7776902447183345,30.221477569582255,light,2.279733182555263,184.8669520336637,2026-08-24 19:42:56.411610
3.0,1.2411343260709378,30.8556165601383,idle,3.725479908891917,175.24980608616008,2026-08-24 19:43:56.411610
3.0,0.9465297104714575,30.5717143440151,medium,2.880941580191055,157.24246140981901,2026-08-24 19:44:56.411610
3.0129231865850414,0.7522730154319488,32.60168956363574,light,2.305538758177919,198.94213582304081,2026-08-24 19:45:56.411610
3.05055098279626,1.5157736733294596,27.181802139822405,medium,4.679670947288248,91.65898827178178,2026-08-24 19:46:56.411610
3.055583931272604,0.9510420721188729,31.685793660769455,light,2.885400808848934,154.60313274603251,2026-08-24 19:47:56.411610
3.050755365640667,0.41736483514763467,30.738807174484343,heavy,1.3193753925592844,348.59572408462685,2026-08-24 19:48:56.411610
3.0982254236159013,0.7336544384534334,30.45157821195562,heavy,2.2684315823067775,194.55010377381703,2026-08-24 19:49:56.411610
3.1078801486420393,0.8819913783369178,29.68209351759073,medium,2.798245523798593,162.86004742396824,2026-08-24 19:50:56.411610
3.1183389218907256,0.644293672746028,26.175884132890513,light,2.035451694193795,228.2208012257831,2026-08-24 19:51:56.411610
3.1246618466325184,1.1258388819289777,27.254446994706964,medium,3.547387034510847,126.13826480106391,2026-08-24 19:52:56.411610
3.1321273369936367,1.1096162056236312,29.13325949251877,medium,3.5366358210457927,137.65312523406928,2026-08-24 19:53:56.411610
3.1668550761669207,1.0887514057161278,32.383398452062266,medium,3.4858016147099518,135.91615065914178,2026-08-24 19:54:56.411610
3.1877609466466255,1.2290845151864234,28.423730880378024,heavy,3.955286943373476,116.02620215471721,2026-08-24 19:55:56.411610
3.203223392805658,0.9764315750031167,30.707551098675808,heavy,3.086249971170391,141.63464754422887,2026-08-24 19:56:56.411610
3.2210490536832004,0.7028218946694964,30.31827733844216,light,2.2763187495132273,207.05477397110548,2026-08-24 19:57:56.411610
3.2486943153567576,1.1456779639674561,30.874990671216914,light,3.7668687489506425,123.04780202729474,2026-08-24 19:58:56.411610
3.2536654049470113,0.7423865314409621,31.381049256834586,idle,2.4513829214852,287.44932364792584,2026-08-24 19:59:56.411610
3.275126989294914,1.238444148456229,29.455416382164152,idle,3.976354703840708,176.30621287628168,2026-08-24 20:00:56.411610
3.3077010666460813,1.120205037429194,27.192356212648352,light,3.6650772634503577,140.07222674817461,2026-08-24 20:01:56.411610
3.3129186189230757,1.318363504745182,31.375114733661547,idle,4.407641246247458,166.4851428945577,2026-08-24 20:02:56.411610
3.329597560227551,1.0269148584927668,26.869406918940577,heavy,3.5593632221998694,138.44894163247153,2026-08-24 20:03:56.411610
3.381837602830167,1.0941222698190667,30.581315445621826,idle,3.6532379898729372,202.10869503862975,2026-08-24 20:04:56.411610
3.3769597322341753,1.1053229618927036,29.206248128462022,medium,3.791549240601662,136.52333967208523,2026-08-24 20:05:56.411610
3.3962389835067697,1.5252554953114537,28.380345562968763,light,5.1804042162436845,94.83942247838094,2026-08-24 20:06:56.411610
3.4036413599983177,1.129941692885402,29.045771037571814,medium,3.811830890731345,127.85276248491677,2026-08-24 20:07:56.411610
3.4430034868672585,1.171863191974616,30.21763367626479,idle,3.975873140562318,186.35965767931418,2026-08-24 20:08:56.411610
3.4128702200614773,0.9559626208503893,29.845072655143426,idle,3.18847592765287,229.50015992056444,2026-08-24 20:09:56.411610
3.480540299670854,0.9398191872433033,29.12020572203886,heavy,3.290904286756142,153.35041752555898,2026-08-24 20:10:56.411610
3.4597690132454435,1.0794006926662598,29.06340237158311,heavy,3.7154397581715806,136.4732153566406,2026-08-24 20:11:56.411610
3.475795220163233,1.1831473864351982,29.85008973156084,medium,4.148630429145922,128.69817559551754,2026-08-24 20:12:56.411610
3.468686181695872,0.8895512017421234,29.98560949744983,heavy,3.127504790101697,156.60055745767016,2026-08-24 20:13:56.411610
3.501310099105314,0.5789613678919905,31.041237182794234,idle,2.0063183520704335,370.2721207803804,2026-08-24 20:14:56.411610
3.532308676204953,1.0682357649404637,31.047999675999296,idle,3.7023822211158226,207.5213907120164,2026-08-24 20:15:56.411610
3.5375932546293103,0.9629522217963887,26.741582718592987,idle,3.350823023758919,217.9605580653415,2026-08-24 20:16:56.411610
3.5607717923954727,1.1380018630936322,29.533642090019004,light,4.093908028079524,137.36326287741701,2026-08-24 20:17:56.411610
3.564049298659246,1.0404347365859423,30.11295230097178,light,3.66538050047832,134.71132623404574,2026-08-24 20:18:56.411610
3.609290462823638,0.7803459078577609,32.04503064433287,light,2.8061087383500256,172.27814333476513,2026-08-24 20:19:56.411610
3.6092867202069967,0.6404289188454744,30.798601919275615,light,2.3159316210668046,218.27331226819499,2026-08-24 20:20:56.411610
3.6239228130966814,0.783638793318961,29.82477234139163,light,2.8835739137165217,183.40703956798737,2026-08-24 20:21:56.411610
3.6565829206921197,1.3278344791273808,29.03530809749725,idle,4.891798678797811,162.99015647335867,2026-08-24 20:22:56.411610
3.648167066653233,1.0064046900021706,29.171131658472248,heavy,3.702391505541637,146.5460601618427,2026-08-24 20:23:56.411610
3.677736772411495,0.8368556606909922,30.85525032401214,idle,3.1415536475432533,254.2595537982037,2026-08-24 20:24:56.411610
3.7167687817909987,0.9681525600214049,27.531606088803073,medium,3.5667679315011824,150.6223379940503,2026-08-24 20:25:56.411610
3.7301196968942,0.9943970351378957,29.371616670865027,heavy,3.72892827096767,143.84002587644056,2026-08-24 20:26:56.411610
3.738433539317264,1.0060292191601492,30.136473035699975,idle,3.6823065298524087,215.83933940607918,2026-08-24 20:27:56.411610
3.790105577437088,0.9105511883728566,30.690470878449624,idle,3.468458457723579,236.36880013072638,2026-08-24 20:28:56.411610
3.7723911117814173,0.8743440025459494,27.000943106966226,idle,3.2774744592165748,240.32478680589165,2026-08-24 20:29:56.411610
3.828042947739829,0.568246172447952,32.378234951720714,medium,2.100430679866963,247.5541696750298,2026-08-24 20:30:56.411610
3.842543838384198,0.6865859179055437,29.24112362929026,light,2.56476576304297,199.756547130191,2026-08-24 20:31:56.411610
3.79259538570868,0.6733897767872451,30.414137581750936,medium,2.4846843233472,214.7737805416623,2026-08-24 20:32:56.411610
3.8246895787791684,0.6884681804181696,29.080664107879024,medium,2.6065329727138558,210.583611892848,2026-08-24 20:33:56.411610
3.8640579091948557,0.7029508037269083,30.842846980055793,light,2.6746748968369385,208.6827223731221,2026-08-24 20:34:56.411610
3.9017614365764217,0.6635842700531847,28.586179459947754,light,2.549945015899775,219.94101766254516,2026-08-24 20:35:56.411610
3.866044186139391,0.7420659193456596,31.54797577022381,medium,2.8202505462462,187.99920369915628,2026-08-24 20:36:56.411610
3.8954433816437386,0.5880767712372957,31.508505780421107,medium,2.204506827605804,240.69189253804242,2026-08-24 20:37:56.411610
3.8993444952962277,0.787668884247402,31.076927491095734,light,3.0402837235146416,188.51431079922583,2026-08-24 20:38:56.411610
3.9176973949862903,0.9133410957133757,31.759662197224728,light,3.609130751757668,162.50859277501323,2026-08-24 20:39:56.411610
3.911579067080085,0.525468171879424,29.356007182578807,idle,2.0202110978137515,416.3924076600081,2026-08-24 20:40:56.411610
3.947314532671396,0.5711673352967599,27.537385390126264,idle,2.221457318833395,381.3019155890977,2026-08-24 20:41:56.411610
3.9474854062045694,0.8110802528694843,28.22617228409128,heavy,3.2083807072673585,173.11056227858705,2026-08-24 20:42:56.411610
3.955622627236381,0.6808474358274719,29.44323148739957,medium,2.7034116989759904,209.19269504275144,2026-08-24 20:43:56.411610
3.9318694078731147,0.4576017547499156,26.49735670209289,light,1.815528129019795,311.4780735880362,2026-08-24 20:44:56.411610
4.006621594012873,0.4680464359784784,30.15382450322765,idle,1.8206807742336768,460.60033730120574,2026-08-24 20:45:56.411610
4.01349873585611,0.4179042407940272,27.927675895364036,medium,1.687554115334034,335.2351880197144,2026-08-24 20:46:56.411610
4.019166577032816,0.4020603316934218,29.528695912665725,heavy,1.6374338734985487,361.7683882284194,2026-08-24 20:47:56.411610
4.026272461216369,0.6631823001690033,32.173387066476735,medium,2.618528166192868,218.40162562940438,2026-08-24 20:48:56.411610
4.024565288570892,0.7981245982702716,30.77232455059797,idle,3.2434244757251496,265.75755620094066,2026-08-24 20:49:56.411610
4.008477564470181,1.2081046314116692,26.564902428589576,idle,4.81817921361665,182.2206828661149,2026-08-24 20:50:56.411610
4.032224160037875,0.6692031007802275,31.347501002593344,heavy,2.7551675934457283,216.74732793332652,2026-08-24 20:51:56.411610
4.078315412740602,0.540488200154087,29.308832706282725,heavy,2.17839855198548,268.3447461338697,2026-08-24 20:52:56.411610
4.052567460301243,0.22539064917355406,30.376077500095477,heavy,0.9039173688377439,642.0978757552472,2026-08-24 20:53:56.411610
4.091702694246792,0.602251147175648,26.286948917738265,heavy,2.421688664653433,246.59923652057577,2026-08-24 20:54:56.411610
4.061564488054811,0.6563182017402087,29.533658470202028,medium,2.639851429915024,215.49035888481535,2026-08-24 20:55:56.411610
4.111638470620916,0.5426029904558511,26.74064210912176,idle,2.265468333390705,393.8104194306278,2026-08-24 20:56:56.411610
4.0619989122491225,0.847431582979649,28.07623255509239,idle,3.451821705753458,259.2800369981493,2026-08-24 20:57:56.411610
4.10518755444657,0.2832473534523874,29.549965689846346,idle,1.134274922514763,764.3991550686638,2026-08-24 20:58:56.411610
4.089031683604917,0.5982188980526959,30.334548318512855,idle,2.3538355600690215,359.6252019881715,2026-08-24 20:59:56.411610
4.131001996565091,0.6327106775611053,30.013321067295028,medium,2.556972566555844,227.78422510388393,2026-08-24 21:00:56.411610
4.126811497391598,0.2863607922644436,31.107851892127698,light,1.2175662186357794,500.2233474988105,2026-08-24 21:01:56.411610
4.158292707949793,0.7134287682246543,31.913658852247377,idle,2.9153681858661504,306.85614225665864,2026-08-24 21:02:56.411610
4.153704267408635,0.5386526037541646,30.851446854166095,medium,2.2053714909097883,272.1274637681616,2026-08-24 21:03:56.411610
4.102648320750347,0.45501668517793636,29.746523199438993,medium,1.8208647165598575,319.63756522828396,2026-08-24 21:04:56.411610
4.188354187318611,0.6956420518471638,25.494584844312207,idle,2.9965088035004146,304.291562475877,2026-08-24 21:05:56.411610
4.132821477907719,0.2088305829214644,30.554375507739927,medium,0.8751224878478882,695.1668297691535,2026-08-24 21:06:56.411610
4.154467853748976,0.4705442308459552,30.428817300508076,heavy,1.9954746372883274,298.04605640378537,2026-08-24 21:07:56.411610
4.175929122651105,0.4772847867926285,27.852917299451732,medium,2.0616412035095797,296.80351028430243,2026-08-24 21:08:56.411610
4.181700149308488,0.4370663898517573,29.715079743682992,medium,1.748211309886137,319.72706139959064,2026-08-24 21:09:56.411610
4.15395855285293,0.48451676267348004,29.16053410497819,medium,1.9555698217101762,297.54476246086796,2026-08-24 21:10:56.411610
4.20587764779885,0.36953917463321667,28.6695813699941,medium,1.5913579791772294,384.7207073196435,2026-08-24 21:11:56.411610
4.17882503313708,0.5716115258382026,29.035024453794115,light,2.3452335031565257,252.34924060179605,2026-08-24 21:12:56.411610
4.176047067803945,0.22641027173490058,27.718885330811382,heavy,0.9169303767420097,643.2249086948989,2026-08-24 21:13:56.411610
4.152270386574834,0.31939264825141706,28.93144956517479,idle,1.3869355025312085,675.178422576845,2026-08-24 21:14:56.411610
4.175685359978662,0.2163534278077338,29.186169554542783,heavy,0.877448337988192,668.784265964317,2026-08-24 21:15:56.411610
4.2053132560320545,0.15366923359131368,30.299209526230264,light,0.666672257182581,943.0310503392881,2026-08-24 21:16:56.411610
4.196844481123049,0.36183840633468967,28.79252568466011,light,1.508053830269345,404.5688307279569,2026-08-24 21:17:56.411610
4.176656409190986,0.20127499176705554,29.81709707285978,heavy,0.8401175339512699,721.376790303533,2026-08-24 21:18:56.411610
4.1851780396447635,0.23750355382492086,27.552676690740633,idle,0.9491983676581898,923.9534915023999,2026-08-24 21:19:56.411610
4.221654835972338,0.32624748786540164,33.239650609957394,medium,1.4114073812409158,432.1131963761212,2026-08-24 21:20:56.411610
4.194522620769505,0.2532492223169064,30.246702168438517,light,1.1620444505607392,572.7630815153132,2026-08-24 21:21:56.411610
4.1836276990819545,0.09505512240826056,28.135431433398793,idle,0.4160525482552688,2281.4862394325964,2026-08-24 21:22:56.411610
4.173884455066165,0.27069505807517125,31.231912670986652,light,1.1940095599698295,537.5003283508807,2026-08-24 21:23:56.411610
4.166485824526585,0.31213408717541125,26.48975157835678,heavy,1.2609686444805426,464.2327071076593,2026-08-24 21:24:56.411610
4.194691374170746,0.1813782685269351,29.52718745801294,heavy,0.6653542993132833,791.7409807189481,2026-08-24 21:25:56.411610
4.195901720831273,0.193525352896467,27.209756193392742,idle,0.7880590836807031,1119.250901833537,2026-08-24 21:26:56.411610
4.155014764113834,0.18606543205528447,30.2953973926574,heavy,0.7882764425662231,778.4840059868116,2026-08-24 21:27:56.411610
4.2190336687509795,0.2399849222120579,31.849556454479796,heavy,0.8677533331293795,604.9583646446198,2026-08-24 21:28:56.411610
4.156557756490175,0.11523107837779528,30.962008887857934,heavy,0.5282891004949102,1250.6465371231698,2026-08-24 21:29:56.411610
4.18584182502359,0.15027236938491717,28.121398482336584,idle,0.5773095861615022,1436.3878682647298,2026-08-24 21:30:56.411610
4.166425846129896,0.09239051936948589,28.53051843873386,medium,0.3903409541300635,1551.9178614494454,2026-08-24 21:31:56.411610
4.138417912406187,0.15217450240018843,30.602562236179477,light,0.6477784294169967,944.3144474484973,2026-08-24 21:32:56.411610
4.195875787451529,0.4958792976708409,28.474175930840016,light,2.1235907395764446,280.78160036586667,2026-08-24 21:33:56.411610
4.153731482512212,0.10743827873745558,28.723340075514923,heavy,0.34719855191797,1344.8755289902776,2026-08-24 21:34:56.411610
4.1660053793378875,0.47738125882582405,29.19195169991831,heavy,1.9433981904833206,300.003621589024,2026-08-24 21:35:56.411610
4.139324744602727,0.09373810797093296,29.941989700735963,heavy,0.38908945915953674,1542.2532000259123,2026-08-24 21:36:56.411610
4.136317796101811,0.1291958597660331,28.897907479459114,heavy,0.5235815752081484,1105.1788731707773,2026-08-24 21:37:56.411610
4.169457762837869,0.1038406327649185,28.522025607477882,idle,0.43843700443158296,2078.839876623693,2026-08-24 21:38:56.411610
4.159330461867008,0.26093017828569076,30.521992840966917,heavy,1.0982680657841402,553.6974753498514,2026-08-24 21:39:56.411610
4.159194263075994,0.53791802502501,28.0273825378679,medium,2.3116226606887125,261.85763354961045,2026-08-24 21:40:56.411610
4.108677689081108,0.1832471714281351,26.294932109248556,heavy,0.6891571451116107,784.5943442767938,2026-08-24 21:41:56.411610
4.112152939477925,0.10895968793472682,28.221655601353994,light,0.40481091328029994,1333.8221880540857,2026-08-24 21:42:56.411610
4.0783084297125045,0.11035386884456061,26.771274394349796,heavy,0.42100192357277044,1298.2670629082365,2026-08-24 21:43:56.411610
4.068403595107786,0.16806738197179555,27.056989038587577,heavy,0.6901850750110556,865.8711156188965,2026-08-24 21:44:56.411610
4.10074637928669,0.2525762341408152,29.604340032893752,heavy,0.9906935141782385,567.5587911235582,2026-08-24 21:45:56.411610
4.043177135490111,0.2719885688990866,28.048081566249063,medium,1.0823652002353863,534.1539555254167,2026-08-24 21:46:56.411610
4.081255687229419,0.2523220268268628,30.02954948454027,heavy,1.01103009727858,576.1934594445809,2026-08-24 21:47:56.411610
4.072948957624653,0.025533107290276247,27.45316255198139,light,0.07008592272977957,5644.970258802208,2026-08-24 21:48:56.411610
4.031291838228024,0.24763202355589176,30.35158534559035,light,0.9892338664709296,580.0682815773854,2026-08-24 21:49:56.411610
4.036901276527802,0.29613186564880384,29.56207500287822,medium,1.253315202380109,493.0500811982598,2026-08-24 21:50:56.411610
4.064293067409444,0.06131677867421911,30.006787482186045,light,0.2894029701995798,2357.6615137310673,2026-08-24 21:51:56.411610
3.9974051217548836,0.1809027976339942,30.799905348590716,light,0.7154427495253275,794.6966751155304,2026-08-24 21:52:56.411610
3.992501899929,0.6116078867177681,28.63349678825688,light,2.455041570154351,233.32722624901717,2026-08-24 21:53:56.411610
4.00919133090456,0.24396040050287449,31.139721993586786,light,1.0351785033634857,588.272084083559,2026-08-24 21:54:56.411610
4.0071475563144245,0.28847334939932784,30.438817987647024,light,1.1407948631914016,498.579374866985,2026-08-24 21:55:56.411610
3.930499555132342,0.28166359157052195,26.939918873238852,light,1.1392087474792736,516.6050165834959,2026-08-24 21:56:56.411610
3.94856604083539,0.04570057350208462,28.559963427910937,heavy,0.10416185856166403,3149.994203493869,2026-08-24 21:57:56.411610
3.9404887661651022,0.21369097651859414,30.233242933086206,idle,0.9007880068025415,1005.1973981949992,2026-08-24 21:58:56.411610
3.973484307901157,0.12435179176920469,29.466897033313266,light,0.46787445311836484,1155.574740328575,2026-08-24 21:59:56.411610
3.9773732717856807,0.3734271606175818,29.442044191219033,light,1.4235443648946429,386.6138495687626,2026-08-24 22:00:56.411610
3.916453825147785,0.3704752472399845,29.940482288038666,light,1.4234137933909041,381.47688571991654,2026-08-24 22:01:56.411610
3.8832818316758666,0.2888414644849724,29.00818165536749,heavy,1.1167299030573374,489.88992176172064,2026-08-24 22:02:56.411610
3.879679110246592,0.38776416845672934,29.67862356996765,medium,1.4051730731304866,367.84569157325376,2026-08-24 22:03:56.411610
3.8826540802278475,0.4080809388770193,29.489991240772177,idle,1.574824684392846,538.953287279088,2026-08-24 22:04:56.411610
3.8154357948616213,0.4452894007972379,29.77492431937707,medium,1.7027600020502753,334.0236573783453,2026-08-24 22:05:56.411610
3.8550864619198957,0.39400212521445577,30.16037099133821,medium,1.4765471249305344,369.20573645961355,2026-08-24 22:06:56.411610
3.8417551402106165,0.09811831161803619,30.419759470717953,medium,0.35125239290384397,1470.9867440909798,2026-08-24 22:07:56.411610
3.7971401572759613,0.6621229321893216,28.77539969805769,heavy,2.5212307513573204,216.39274052045286,2026-08-24 22:08:56.411610
3.7884166388169214,0.4191213625121555,29.521280603329917,heavy,1.5436065151311142,342.8213128874902,2026-08-24 22:09:56.411610
3.770786412575039,0.5211610036811101,28.54211363437915,light,1.9546428985379016,277.5370367478725,2026-08-24 22:10:56.411610
3.748021307628497,0.5037991854789612,26.875385070234373,medium,1.8991854443501868,289.7258564476292,2026-08-24 22:11:56.411610
3.7609003274471466,0.43787236776801747,26.81753216850773,light,1.6752534440829658,331.72702587229486,2026-08-24 22:12:56.411610
3.747533026582977,0.6288878256253682,28.72110781755006,heavy,2.362269759443962,230.80762703573794,2026-08-24 22:13:56.411610
3.6961226432451824,0.7072599398168327,31.370897335530564,medium,2.582213578267261,214.78476953082335,2026-08-24 22:14:56.411610
3.7192525717971767,0.6010525776947362,25.56201054917602,medium,2.1760569113074912,239.67951479378226,2026-08-24 22:15:56.411610
3.677959252505921,0.44913794881842084,31.9416565032553,idle,1.660825787346672,474.35550775393506,2026-08-24 22:16:56.411610
3.656432342640328,0.6701242004690875,25.73885049817347,idle,2.4472070994738013,317.4115190872574,2026-08-24 22:17:56.411610
3.6444396446379224,0.31160117782212743,27.046374750042578,medium,1.1400719899170588,458.1681092432737,2026-08-24 22:18:56.411610
3.6230999008908276,0.41142129336325794,28.43092503406301,heavy,1.5419768469038557,353.2485395578049,2026-08-24 22:19:56.411610
3.6086537326170434,0.5300341972580089,28.031094037360315,medium,1.8939828345506893,271.73446637949456,2026-08-24 22:20:56.411610
3.6111257108838513,0.4833522002047992,31.528079526597722,heavy,1.7384176860109368,295.24067577616245,2026-08-24 22:21:56.411610
3.5884183751197796,0.49340003154106127,27.467058749946876,light,1.7593063921530125,297.521455250394,2026-08-24 22:22:56.411610
3.5892229359075807,0.5258584450134562,27.944770467586046,light,1.8204026663374369,278.7949136519373,2026-08-24 22:23:56.411610
3.560817652536259,0.45249463677932256,27.37160223150342,heavy,1.6465527886616367,307.0750710305524,2026-08-24 22:24:56.411610
3.5267899233528723,0.9156602045534166,27.026344625546717,medium,3.3377327860934525,152.6898115465697,2026-08-24 22:25:56.411610
3.4736417715953065,0.6865937480474157,28.628108709140054,medium,2.372662992415806,211.59464945829026,2026-08-24 22:26:56.411610
3.497651555396476,0.7381629198696303,29.076300631656828,medium,2.5218235036638514,198.36888660318522,2026-08-24 22:27:56.411610
3.4656141823997966,1.178689379761836,30.603488592351262,heavy,4.036833701307593,109.92086649350875,2026-08-24 22:28:56.411610
3.478749098544279,1.3110215974454844,31.32474099100563,idle,4.595735501730417,166.8375485664081,2026-08-24 22:29:56.411610
3.435688313959962,0.6922853075936857,27.516128581358608,heavy,2.427019102291448,201.33918553235446,2026-08-24 22:30:56.411610
3.4657708619259453,0.6809389580258263,30.513174146789048,heavy,2.2384050094362684,219.2763878283453,2026-08-24 22:31:56.411610
3.4125810925473687,0.7769296849384273,25.79867137257318,medium,2.5965707657911854,187.2545951285788,2026-08-24 22:32:56.411610
3.3611140895053406,0.7282216805431865,29.237221545780685,light,2.455927067804928,193.84975926903874,2026-08-24 22:33:56.411610
3.3574214016974406,0.7023211925661067,30.83477162214669,idle,2.3856934949072772,302.0526722000693,2026-08-24 22:34:56.411610
3.3303582197868047,0.8877907993892215,27.298840106150298,light,2.9655194967584673,165.74472852108278,2026-08-24 22:35:56.411610
3.332149079883704,0.645499971924719,26.960824966620482,light,2.195690965434964,220.68184562840474,2026-08-24 22:36:56.411610
3.296578776387005,0.7156150153341806,29.393188312466084,light,2.339326224395932,193.84465871519532,2026-08-24 22:37:56.411610
3.3138409568094738,0.6418783184348842,27.59978808195259,heavy,2.114518291580608,212.68935351696064,2026-08-24 22:38:56.411610
3.3208686870728847,1.023368309409234,27.974378229102165,light,3.349996582020438,137.70099147123508,2026-08-24 22:39:56.411610
3.276153922454591,0.6811477778835309,28.753053674436494,medium,2.2950991233453846,202.55272936473727,2026-08-24 22:40:56.411610
3.261764164350249,0.7483501092505283,27.80043491768326,medium,2.409490913678651,194.1118788517189,2026-08-24 22:41:56.411610
3.2726271475936235,0.6519580167253647,29.751868564196077,medium,2.1348304483273,228.05447005472007,2026-08-24 22:42:56.411610
3.2081877012793436,0.9848755052219793,29.682955042465274,light,3.150019168121019,146.20190008753653,2026-08-24 22:43:56.411610
3.204715204640647,0.8979123123409514,28.164318698208128,light,2.9760157511828895,164.82965035015485,2026-08-24 22:44:56.411610
3.1933398947565514,0.8168266477608918,29.60522149779925,heavy,2.661188444854735,175.72681589427523,2026-08-24 22:45:56.411610
3.1692874234086092,0.7445545507830111,25.50767625072058,idle,2.349983014292031,287.1737983015643,2026-08-24 22:46:56.411610
3.167458368479453,0.6473349366919857,28.609728335814353,heavy,2.0768370520905823,223.098363063218,2026-08-24 22:47:56.411610
3.1030005504257834,0.8808002142774398,28.48929755931841,medium,2.6475892217633588,165.91840724414158,2026-08-24 22:48:56.411610
3.11360637541297,1.1092288427108978,26.745594511132417,medium,3.426508744380572,132.80688019952123,2026-08-24 22:49:56.411610
3.1225701785176567,1.1629179168560333,31.335157780418193,idle,3.730466935850942,183.84234290206317,2026-08-24 22:50:56.411610
3.094330410921453,0.7482031759452916,27.771164382472996,medium,2.3386422306836083,189.76832829839574,2026-08-24 22:51:56.411610
3.021643743445649,1.163101555503271,27.018011193744346,heavy,3.5141494017859953,122.54369131389888,2026-08-24 22:52:56.411610
3.037049990720402,0.89162985304242,28.712526056591148,idle,2.739885675765665,244.05064993142634,2026-08-24 22:53:56.411610
